Property,Theta,Gamma,Delta,Predictive,Probability
have pouches,0.13746421737596393,0.6440039051230997,0.7283091777935624,0,0.0004
have pouches,0.13746421737596393,0.6133411594200879,0.7283091777935624,0,0.0011999999999999988
have pouches,0.13746421737596393,0.5894138086587191,0.7283091777935624,0,0.0020000000000000013
have pouches,0.13855168735608459,0.5894138086587191,0.7283091777935624,0,0.0016
have pouches,0.13855168735608459,0.5894138086587191,0.7283091777935624,0.06800987027825392,0.0001000000000000001
have pouches,0.12490936298854649,0.5894138086587191,0.7283091777935624,0,0.0072999999999999975
have pouches,0.12490936298854649,0.5894138086587191,0.7283091777935624,0.6977141243730961,0.0009999999999999996
have pouches,0.12490936298854649,0.5894138086587191,0.7283091777935624,0.9999704149805083,0.0001000000000000001
have pouches,0.12490936298854649,0.5894138086587191,0.7283091777935624,0.9879270929307029,0.00019999999999999985
have pouches,0.12490936298854649,0.5894138086587191,0.7283091777935624,0.9999838722206225,0.0001000000000000001
have pouches,0.12490936298854649,0.5894138086587191,0.7283091777935624,0.5805519843806027,0.0001000000000000001
have pouches,0.12490936298854649,0.5894138086587191,0.7283091777935624,0.7458783963068473,0.0004
have pouches,0.12490936298854649,0.5867914815898985,0.7283091777935624,0,0.0032999999999999987
have pouches,0.12490936298854649,0.5991631376091391,0.7283091777935624,0,0.00030000000000000024
have pouches,0.12490936298854649,0.7069030082784593,0.7283091777935624,0,0.00019999999999999985
have pouches,0.12490936298854649,0.7202059363480657,0.7283091777935624,0,0.0006999999999999997
have pouches,0.12490936298854649,0.7202059363480657,0.7283091777935624,0.2320376442970659,0.00019999999999999985
have pouches,0.12490936298854649,0.7125044795684516,0.7283091777935624,0.2320376442970659,0.0004
have pouches,0.12490936298854649,0.7125044795684516,0.7283091777935624,0,0.0008999999999999997
have pouches,0.12490936298854649,0.6726314690895379,0.7283091777935624,0,0.0011999999999999988
have pouches,0.12490936298854649,0.6726314690895379,0.7283091777935624,0.9945861623616575,0.0001000000000000001
have pouches,0.12490936298854649,0.6726314690895379,0.7283091777935624,0.9986367492897482,0.0005999999999999994
have pouches,0.12490936298854649,0.6726314690895379,0.7283091777935624,0.038743172668618056,0.00019999999999999985
have pouches,0.12490936298854649,0.6726314690895379,0.7283091777935624,0.6105875909398727,0.0001000000000000001
have pouches,0.12490936298854649,0.6726314690895379,0.7283091777935624,0.8212249629687657,0.0004999999999999998
have pouches,0.12490936298854649,0.6726314690895379,0.7283091777935624,0.9607025516708335,0.0004
have pouches,0.12941686483100057,0.6726314690895379,0.7283091777935624,0,0.003099999999999999
have pouches,0.12941686483100057,0.6726314690895379,0.7283091777935624,0.9175489020472827,0.0001000000000000001
have pouches,0.12941686483100057,0.6726314690895379,0.7283091777935624,0.9618674133976887,0.0004
have pouches,0.12941686483100057,0.6648862424772233,0.7283091777935624,0,0.0024
have pouches,0.12941686483100057,0.6648862424772233,0.7283091777935624,0.560979715711282,0.00019999999999999985
have pouches,0.12941686483100057,0.6648862424772233,0.7283091777935624,9.795813799677034e-8,0.0001000000000000001
have pouches,0.1431027150247246,0.6648862424772233,0.7283091777935624,0,0.0015000000000000002
have pouches,0.1431027150247246,0.6135451367590576,0.7283091777935624,0,0.0032
have pouches,0.1431027150247246,0.6135451367590576,0.7283091777935624,0.5026288954542865,0.00019999999999999985
have pouches,0.1431027150247246,0.6135451367590576,0.7283091777935624,0.6346562033973665,0.0001000000000000001
have pouches,0.1431027150247246,0.6135451367590576,0.7283091777935624,0.8093596031079919,0.00019999999999999985
have pouches,0.1431027150247246,0.6037881108932197,0.7283091777935624,0,0.0016
have pouches,0.1431027150247246,0.6417878605425358,0.7283091777935624,0,0.0012999999999999993
have pouches,0.1431027150247246,0.6050045127049088,0.7283091777935624,0,0.00019999999999999985
have pouches,0.1431027150247246,0.5976839710492641,0.7283091777935624,0,0.0001000000000000001
have pouches,0.1431027150247246,0.5976839710492641,0.7283091777935624,0.9999919750453145,0.0004999999999999998
have pouches,0.1431027150247246,0.5976839710492641,0.7283091777935624,0.02177368751328791,0.0001000000000000001
have pouches,0.1431027150247246,0.5976839710492641,0.7283091777935624,0.9890777841821908,0.0004
have pouches,0.1431027150247246,0.5976839710492641,0.7283091777935624,0.9516349687722,0.00030000000000000024
have pouches,0.1431027150247246,0.5976839710492641,0.7283091777935624,0.3750344702912192,0.0001000000000000001
have pouches,0.1431027150247246,0.6944271414540708,0.7283091777935624,0.3750344702912192,0.0005999999999999994
have pouches,0.1431027150247246,0.6944271414540708,0.7283091777935624,0.18007498159627125,0.0001000000000000001
have pouches,0.1431027150247246,0.6944271414540708,0.7283091777935624,0.9264365237514744,0.0004999999999999998
have pouches,0.1431027150247246,0.6944271414540708,0.7283091777935624,0,0.0008999999999999997
have pouches,0.1431027150247246,0.7015621601603925,0.7283091777935624,0,0.00030000000000000024
have pouches,0.1431027150247246,0.6938734187278897,0.7283091777935624,0,0.0001000000000000001
have pouches,0.1431027150247246,0.6376448448281735,0.7283091777935624,0,0.009800000000000005
have pouches,0.1431027150247246,0.6376448448281735,0.7283091777935624,0.6932692094168139,0.00019999999999999985
have pouches,0.1431027150247246,0.6376448448281735,0.7283091777935624,0.9653385653549746,0.0008999999999999997
have pouches,0.1431027150247246,0.6376448448281735,0.7283091777935624,0.9684888141030364,0.00030000000000000024
have pouches,0.1431027150247246,0.6544405005406588,0.7283091777935624,0,0.004199999999999997
have pouches,0.1431027150247246,0.6544405005406588,0.7283091777935624,0.9385405826036175,0.0011999999999999988
have pouches,0.1431027150247246,0.6544405005406588,0.7283091777935624,0.36596021222324776,0.0005999999999999994
have pouches,0.1304937198292464,0.6544405005406588,0.7283091777935624,0.36596021222324776,0.00019999999999999985
have pouches,0.1304937198292464,0.6544405005406588,0.7283091777935624,0.13500032405564308,0.00019999999999999985
have pouches,0.1304937198292464,0.6544405005406588,0.7283091777935624,0.9515525972742331,0.0005999999999999994
have pouches,0.1304937198292464,0.6544405005406588,0.7283091777935624,0.004719705952525377,0.0001000000000000001
have pouches,0.1304937198292464,0.6544405005406588,0.7283091777935624,0.9996230824339112,0.0001000000000000001
have pouches,0.1304937198292464,0.6544405005406588,0.7283091777935624,0,0.0027000000000000006
have pouches,0.1304937198292464,0.6364903717767447,0.7283091777935624,0,0.0016999999999999997
have pouches,0.1304937198292464,0.6577205795329064,0.7283091777935624,0,0.0004
have pouches,0.1304937198292464,0.6980248386971653,0.7283091777935624,0,0.0015000000000000002
have pouches,0.1304937198292464,0.6980248386971653,0.7283091777935624,0.5429145729568363,0.00019999999999999985
have pouches,0.1304937198292464,0.6980248386971653,0.7283091777935624,0.27960516079582975,0.0001000000000000001
have pouches,0.1304937198292464,0.6980248386971653,0.7283091777935624,0.08287203858894282,0.0001000000000000001
have pouches,0.1304937198292464,0.5913565079681575,0.7283091777935624,0,0.0020999999999999986
have pouches,0.1304937198292464,0.708538809325546,0.7283091777935624,0,0.0004
have pouches,0.1304937198292464,0.6774830247741193,0.7283091777935624,0,0.0048
have pouches,0.1304937198292464,0.6774830247741193,0.7283091777935624,0.9999746752602254,0.00030000000000000024
have pouches,0.1304937198292464,0.6774830247741193,0.7283091777935624,0.6828171549629705,0.00030000000000000024
have pouches,0.1304937198292464,0.6774830247741193,0.7283091777935624,0.9771740788414507,0.0004999999999999998
have pouches,0.1304937198292464,0.6774830247741193,0.7283091777935624,0.9995613519374321,0.0004999999999999998
have pouches,0.1304937198292464,0.6774830247741193,0.7283091777935624,0.9989602078652865,0.0001000000000000001
have pouches,0.1304937198292464,0.6774830247741193,0.7283091777935624,0.14148505960489807,0.00019999999999999985
have pouches,0.1304937198292464,0.6774830247741193,0.7283091777935624,0.9990533111692046,0.0001000000000000001
have pouches,0.1304937198292464,0.6774830247741193,0.7283091777935624,0.9072933933093466,0.0001000000000000001
have pouches,0.1304937198292464,0.6774830247741193,0.7283091777935624,0.7866747129720855,0.00030000000000000024
have pouches,0.1304937198292464,0.6988000962883234,0.7283091777935624,0,0.0006999999999999997
have pouches,0.1304937198292464,0.6822756142355502,0.7283091777935624,0,0.003099999999999999
have pouches,0.1304937198292464,0.6822756142355502,0.7283091777935624,0.00016683506168734764,0.0004
have pouches,0.1304937198292464,0.6822756142355502,0.7283091777935624,0.8659561576976526,0.0004999999999999998
have pouches,0.1304937198292464,0.6822756142355502,0.7283091777935624,0.9909674342743203,0.00030000000000000024
have pouches,0.1304937198292464,0.6822756142355502,0.7283091777935624,0.9937868404604115,0.0001000000000000001
have pouches,0.1304937198292464,0.6822756142355502,0.7283091777935624,0.2956393561456512,0.0001000000000000001
have pouches,0.13511457503773272,0.6822756142355502,0.7283091777935624,0,0.003099999999999999
have pouches,0.13511457503773272,0.6822756142355502,0.7503981585614383,0,0.00030000000000000024
have pouches,0.13511457503773272,0.6457674517296255,0.7503981585614383,0,0.005899999999999999
have pouches,0.13511457503773272,0.6457674517296255,0.7503981585614383,0.9999817283032918,0.00030000000000000024
have pouches,0.13511457503773272,0.6457674517296255,0.7503981585614383,0.9999095382592906,0.00019999999999999985
have pouches,0.13511457503773272,0.6457674517296255,0.7503981585614383,0.059471142281761175,0.0001000000000000001
have pouches,0.13511457503773272,0.7087228365708143,0.7503981585614383,0.059471142281761175,0.00019999999999999985
have pouches,0.13511457503773272,0.7087228365708143,0.7503981585614383,0,0.0010999999999999998
have pouches,0.13511457503773272,0.7087228365708143,0.7503981585614383,0.9768305896781252,0.00019999999999999985
have pouches,0.13511457503773272,0.7087228365708143,0.7503981585614383,0.684887988948926,0.00019999999999999985
have pouches,0.13511457503773272,0.6099596098065376,0.7503981585614383,0,0.001899999999999999
have pouches,0.13511457503773272,0.6623153449036181,0.7503981585614383,0,0.004300000000000002
have pouches,0.1302259610965848,0.6623153449036181,0.7503981585614383,0,0.009099999999999997
have pouches,0.1302259610965848,0.6512811535503715,0.7503981585614383,0,0.0008
have pouches,0.1302259610965848,0.6479275606106967,0.7503981585614383,0,0.0025999999999999986
have pouches,0.1302259610965848,0.6479275606106967,0.6252643535844982,0,0.0011999999999999988
have pouches,0.1302259610965848,0.6554337735287845,0.6252643535844982,0,0.005799999999999999
have pouches,0.1302259610965848,0.6985680281650275,0.6252643535844982,0,0.00030000000000000024
have pouches,0.1302259610965848,0.6985680281650275,0.6252643535844982,0.9999950998958828,0.0001000000000000001
have pouches,0.1302259610965848,0.6985680281650275,0.6252643535844982,0.88753121364216,0.0004
have pouches,0.1302259610965848,0.5952666369266808,0.6252643535844982,0,0.0008
have pouches,0.1302259610965848,0.5952666369266808,0.6252643535844982,0.9984985355234938,0.0001000000000000001
have pouches,0.1302259610965848,0.5952666369266808,0.6252643535844982,0.9423699729478838,0.0004
have pouches,0.1302259610965848,0.5952666369266808,0.6252643535844982,0.2147670480444808,0.0001000000000000001
have pouches,0.1302259610965848,0.5952666369266808,0.6252643535844982,0.013304980201475821,0.00030000000000000024
have pouches,0.1302259610965848,0.7053224621340632,0.6252643535844982,0.013304980201475821,0.0005999999999999994
have pouches,0.1302259610965848,0.7053224621340632,0.6252643535844982,0,0.0016
have pouches,0.1302259610965848,0.7053224621340632,0.6252643535844982,0.8824837560887783,0.0008
have pouches,0.1302259610965848,0.7053224621340632,0.6252643535844982,0.4054139472195254,0.0001000000000000001
have pouches,0.1302259610965848,0.5724876062013209,0.6252643535844982,0,0.0011999999999999988
have pouches,0.1302259610965848,0.5724876062013209,0.6252643535844982,0.0013058426185485166,0.0001000000000000001
have pouches,0.1302259610965848,0.6095551222097129,0.6252643535844982,0.0013058426185485166,0.0001000000000000001
have pouches,0.1302259610965848,0.6095551222097129,0.6252643535844982,0,0.003499999999999999
have pouches,0.1302259610965848,0.6095551222097129,0.6252643535844982,0.9887251648549705,0.00019999999999999985
have pouches,0.1302259610965848,0.6095551222097129,0.6252643535844982,0.9999999695276972,0.0005999999999999994
have pouches,0.1302259610965848,0.6312547069974244,0.6252643535844982,0,0.0011999999999999988
have pouches,0.1421094653196633,0.6312547069974244,0.6252643535844982,0,0.00030000000000000024
have pouches,0.1421094653196633,0.6706566936336458,0.6252643535844982,0,0.0017999999999999993
have pouches,0.14712072676047683,0.6706566936336458,0.6252643535844982,0,0.0023000000000000004
have pouches,0.14712072676047683,0.6663438908290118,0.6252643535844982,0,0.006999999999999998
have pouches,0.14712072676047683,0.6663438908290118,0.6252643535844982,0.8396381314974384,0.0004
have pouches,0.14712072676047683,0.6663438908290118,0.6252643535844982,0.07353699627115087,0.00019999999999999985
have pouches,0.14712072676047683,0.6663438908290118,0.6252643535844982,0.0922248731845881,0.0004
have pouches,0.14712072676047683,0.6663438908290118,0.6252643535844982,0.9960284956914754,0.0001000000000000001
have pouches,0.14712072676047683,0.6663438908290118,0.6252643535844982,0.6953239672188881,0.0001000000000000001
have pouches,0.14712072676047683,0.6663438908290118,0.6252643535844982,0.9756015880861987,0.0004
have pouches,0.13537651230581105,0.6663438908290118,0.6252643535844982,0,0.0016
have pouches,0.13537651230581105,0.6663438908290118,0.6252643535844982,0.21577885417262746,0.0001000000000000001
have pouches,0.13537651230581105,0.6086325161159039,0.6252643535844982,0,0.0061
have pouches,0.13537651230581105,0.6035611603874713,0.6252643535844982,0,0.0012999999999999993
have pouches,0.13537651230581105,0.5925920121371746,0.6252643535844982,0,0.00019999999999999985
have pouches,0.1369248959235847,0.5925920121371746,0.6252643535844982,0,0.0009999999999999996
have pouches,0.1369248959235847,0.5925920121371746,0.6252643535844982,0.9965429753119825,0.00030000000000000024
have pouches,0.1369248959235847,0.5925920121371746,0.6252643535844982,0.0435824499047129,0.0001000000000000001
have pouches,0.1369248959235847,0.5925920121371746,0.6252643535844982,0.5711072772586137,0.0001000000000000001
have pouches,0.1369248959235847,0.6022067512385547,0.6252643535844982,0,0.003700000000000001
have pouches,0.1369248959235847,0.6022067512385547,0.6252643535844982,0.001483553571835152,0.00030000000000000024
have pouches,0.1369248959235847,0.6022067512385547,0.6252643535844982,0.9741801973098997,0.00030000000000000024
have pouches,0.1369248959235847,0.6550301241222769,0.6252643535844982,0,0.005799999999999999
have pouches,0.1369248959235847,0.6550301241222769,0.6252643535844982,0.2907691789165958,0.0001000000000000001
have pouches,0.1369248959235847,0.6550301241222769,0.6252643535844982,0.000003846541608636988,0.00019999999999999985
have pouches,0.1369248959235847,0.6550301241222769,0.6252643535844982,0.6376674234212294,0.0001000000000000001
have pouches,0.1369248959235847,0.6550301241222769,0.6252643535844982,0.9998854171956152,0.0009999999999999996
have pouches,0.1369248959235847,0.6550301241222769,0.6252643535844982,0.7990429098688032,0.0001000000000000001
have pouches,0.1369248959235847,0.6605178967583925,0.6252643535844982,0,0.0020999999999999986
have pouches,0.1517547918483615,0.6605178967583925,0.6252643535844982,0,0.00019999999999999985
have pouches,0.1517547918483615,0.5858756338711828,0.6252643535844982,0,0.0011999999999999988
have pouches,0.1517547918483615,0.5858756338711828,0.6252643535844982,0.19112320786066866,0.0001000000000000001
have pouches,0.1517547918483615,0.5858756338711828,0.6252643535844982,0.8633429231860094,0.00019999999999999985
have pouches,0.1517547918483615,0.5858756338711828,0.6252643535844982,0.994743774032119,0.00019999999999999985
have pouches,0.1517547918483615,0.6976947905495763,0.6252643535844982,0,0.0006999999999999997
have pouches,0.14844538015313447,0.6976947905495763,0.6252643535844982,0,0.003799999999999998
have pouches,0.1470844023860991,0.6976947905495763,0.6252643535844982,0,0.0016999999999999997
have pouches,0.1470844023860991,0.6976947905495763,0.8219689363613725,0,0.0033999999999999994
have pouches,0.1470844023860991,0.6976947905495763,0.8219689363613725,0.9940385153979211,0.0001000000000000001
have pouches,0.1470844023860991,0.6976947905495763,0.8219689363613725,0.05339104763715135,0.00019999999999999985
have pouches,0.1470844023860991,0.6144938503857702,0.8219689363613725,0,0.0006999999999999997
have pouches,0.14827953674830496,0.6144938503857702,0.8219689363613725,0,0.0020000000000000013
have pouches,0.14827953674830496,0.6144938503857702,0.8219689363613725,0.19229045462441618,0.00019999999999999985
have pouches,0.14827953674830496,0.6144938503857702,0.8219689363613725,0.3907529464680248,0.0001000000000000001
have pouches,0.14827953674830496,0.6144938503857702,0.8219689363613725,0.4467615670616263,0.0006999999999999997
have pouches,0.1424726787954569,0.6144938503857702,0.8219689363613725,0,0.005000000000000001
have pouches,0.1424726787954569,0.6144938503857702,0.8219689363613725,0.7696172998172343,0.00030000000000000024
have pouches,0.1424726787954569,0.6121969977393746,0.8219689363613725,0,0.00030000000000000024
have pouches,0.1345618385821581,0.6121969977393746,0.8219689363613725,0,0.0009999999999999996
have pouches,0.1345618385821581,0.6121969977393746,0.8219689363613725,0.37630574857357835,0.00019999999999999985
have pouches,0.1345618385821581,0.6121969977393746,0.8219689363613725,0.9655737845130987,0.00030000000000000024
have pouches,0.1345618385821581,0.6121969977393746,0.8219689363613725,0.057074172179901475,0.00019999999999999985
have pouches,0.1345618385821581,0.6121969977393746,0.8219689363613725,0.8336755432552696,0.0001000000000000001
have pouches,0.1345618385821581,0.637168827932328,0.8219689363613725,0.8336755432552696,0.00030000000000000024
have pouches,0.1345618385821581,0.637168827932328,0.8219689363613725,0,0.0006999999999999997
have pouches,0.1345618385821581,0.67750135040842,0.8219689363613725,0,0.0011999999999999988
have pouches,0.1345618385821581,0.7329526194371283,0.8219689363613725,0,0.0006999999999999997
have pouches,0.1345618385821581,0.6267337172757834,0.8219689363613725,0,0.0008999999999999997
have pouches,0.1345618385821581,0.7180418246425688,0.8219689363613725,0,0.0004999999999999998
have pouches,0.1345618385821581,0.6653435321059078,0.8219689363613725,0,0.010800000000000002
have pouches,0.1345618385821581,0.6653435321059078,0.8219689363613725,0.9996833158049553,0.00019999999999999985
have pouches,0.1345618385821581,0.6641486077569425,0.8219689363613725,0,0.003499999999999999
have pouches,0.1345618385821581,0.6641486077569425,0.8219689363613725,0.7373375752910176,0.0001000000000000001
have pouches,0.1345618385821581,0.6641486077569425,0.8219689363613725,0.6869065011440263,0.0006999999999999997
have pouches,0.14793693297542632,0.6641486077569425,0.8219689363613725,0,0.0015000000000000002
have pouches,0.14793693297542632,0.6641486077569425,0.8219689363613725,0.8721434282789938,0.00019999999999999985
have pouches,0.14793693297542632,0.6641486077569425,0.8219689363613725,0.028371479067887423,0.00019999999999999985
have pouches,0.14793693297542632,0.6641486077569425,0.8219689363613725,0.18299052749947095,0.0001000000000000001
have pouches,0.14793693297542632,0.6143097255844623,0.8219689363613725,0,0.003900000000000001
have pouches,0.11561022535897791,0.6143097255844623,0.8219689363613725,0,0.0004
have pouches,0.1646848653908819,0.6143097255844623,0.8219689363613725,0,0.0006999999999999997
have pouches,0.1646848653908819,0.6616233030799776,0.8219689363613725,0,0.001899999999999999
have pouches,0.1646848653908819,0.6489808619953692,0.8219689363613725,0,0.003799999999999998
have pouches,0.1646848653908819,0.6489808619953692,0.8219689363613725,0.9793380672518617,0.0001000000000000001
have pouches,0.1646848653908819,0.6489808619953692,0.8219689363613725,0.9915863307784556,0.0001000000000000001
have pouches,0.1646848653908819,0.6489808619953692,0.8219689363613725,0.18605101792895734,0.00030000000000000024
have pouches,0.1646848653908819,0.6489808619953692,0.8219689363613725,0.21352089864798648,0.00019999999999999985
have pouches,0.1646848653908819,0.6489808619953692,0.8219689363613725,0.9914110422697942,0.00019999999999999985
have pouches,0.1646848653908819,0.6489808619953692,0.8219689363613725,0.9989369598049258,0.0001000000000000001
have pouches,0.1646848653908819,0.6489808619953692,0.8219689363613725,0.957582815978903,0.0004
have pouches,0.1646848653908819,0.6489808619953692,0.8219689363613725,0.7310766983280517,0.0001000000000000001
have pouches,0.1646848653908819,0.6489808619953692,0.8219689363613725,0.9315247060578371,0.00019999999999999985
have pouches,0.1646848653908819,0.6489808619953692,0.8219689363613725,0.9667329701779573,0.0001000000000000001
have pouches,0.1646848653908819,0.6489808619953692,0.8219689363613725,0.9490698313734875,0.0001000000000000001
have pouches,0.1646848653908819,0.6489808619953692,0.8219689363613725,0.08391662786547895,0.00019999999999999985
have pouches,0.1646848653908819,0.6489808619953692,0.8219689363613725,0.6453418731753041,0.0001000000000000001
have pouches,0.1646848653908819,0.6489808619953692,0.8219689363613725,0.9219282017120907,0.0004
have pouches,0.1646848653908819,0.6489808619953692,0.8219689363613725,0.8747087081900417,0.0004999999999999998
have pouches,0.1646848653908819,0.6489808619953692,0.8219689363613725,0.0225445451581153,0.0001000000000000001
have pouches,0.1646848653908819,0.733729467028752,0.8219689363613725,0,0.0004999999999999998
have pouches,0.1127882453147322,0.733729467028752,0.8219689363613725,0,0.0016999999999999997
have pouches,0.12882327404804528,0.733729467028752,0.8219689363613725,0,0.003799999999999998
have pouches,0.146782600088045,0.733729467028752,0.8219689363613725,0,0.0011999999999999988
have pouches,0.146782600088045,0.7362963689956814,0.8219689363613725,0,0.0009999999999999996
have pouches,0.146782600088045,0.7067975695244968,0.8219689363613725,0,0.00030000000000000024
have pouches,0.146782600088045,0.7067975695244968,0.8219689363613725,0.12282981356485519,0.0001000000000000001
have pouches,0.146782600088045,0.6623279580380768,0.8219689363613725,0.12282981356485519,0.0001000000000000001
have pouches,0.146782600088045,0.6623279580380768,0.8219689363613725,0.9999845759824387,0.0001000000000000001
have pouches,0.146782600088045,0.6623279580380768,0.8219689363613725,0.9374504845330413,0.0001000000000000001
have pouches,0.146782600088045,0.6623279580380768,0.8219689363613725,0.9525557144063336,0.00019999999999999985
have pouches,0.146782600088045,0.6623279580380768,0.8219689363613725,0.37178332382452,0.0001000000000000001
have pouches,0.146782600088045,0.6623279580380768,0.8219689363613725,0,0.0016
have pouches,0.146782600088045,0.6623279580380768,0.8219689363613725,0.022907208473793253,0.0001000000000000001
have pouches,0.146782600088045,0.6623279580380768,0.8219689363613725,0.9639229576301855,0.00030000000000000024
have pouches,0.146782600088045,0.6623279580380768,0.8219689363613725,0.9999999999462684,0.0004
have pouches,0.146782600088045,0.6623279580380768,0.8219689363613725,0.8749424941509995,0.0001000000000000001
have pouches,0.146782600088045,0.6623279580380768,0.8219689363613725,0.532275019655113,0.0008
have pouches,0.146782600088045,0.6623279580380768,0.8219689363613725,0.2826433576541724,0.0001000000000000001
have pouches,0.146782600088045,0.6623279580380768,0.8219689363613725,0.36919507166945403,0.0005999999999999994
have pouches,0.146782600088045,0.6623279580380768,0.8219689363613725,0.9985946127279489,0.00019999999999999985
have pouches,0.146782600088045,0.6623279580380768,0.8219689363613725,0.40108781673335,0.0001000000000000001
have pouches,0.146782600088045,0.6581939274910837,0.8219689363613725,0,0.0006999999999999997
have pouches,0.14734219596721232,0.6581939274910837,0.8219689363613725,0,0.0016
have pouches,0.14734219596721232,0.6581939274910837,0.8219689363613725,0.9998823915866891,0.0001000000000000001
have pouches,0.14734219596721232,0.6581939274910837,0.8219689363613725,0.9587424084597557,0.00030000000000000024
have pouches,0.14734219596721232,0.6581939274910837,0.6904115434736013,0.9587424084597557,0.00030000000000000024
have pouches,0.14734219596721232,0.6581939274910837,0.6904115434736013,0.9999735440439558,0.0004
have pouches,0.14734219596721232,0.6581939274910837,0.6904115434736013,0,0.0004999999999999998
have pouches,0.14734219596721232,0.5982498081866652,0.6904115434736013,0,0.0024
have pouches,0.14734219596721232,0.5982498081866652,0.6805217475630343,0,0.0012999999999999993
have pouches,0.14734219596721232,0.5982498081866652,0.6805217475630343,0.8509876420010456,0.00019999999999999985
have pouches,0.13210456096567214,0.5982498081866652,0.6805217475630343,0.8509876420010456,0.00019999999999999985
have pouches,0.13210456096567214,0.5982498081866652,0.6805217475630343,0.40638580506539973,0.00019999999999999985
have pouches,0.13210456096567214,0.5982498081866652,0.6805217475630343,0.9844997166737762,0.0001000000000000001
have pouches,0.13210456096567214,0.5982498081866652,0.6805217475630343,0,0.0004999999999999998
have pouches,0.13210456096567214,0.5982498081866652,0.6805217475630343,0.9991900243991475,0.00030000000000000024
have pouches,0.13210456096567214,0.6481997007504106,0.6805217475630343,0,0.004000000000000003
have pouches,0.13210456096567214,0.6603342383168638,0.6805217475630343,0,0.002999999999999998
have pouches,0.13210456096567214,0.6550396096426994,0.6805217475630343,0,0.0005999999999999994
have pouches,0.13210456096567214,0.616199552314356,0.6805217475630343,0,0.0004
have pouches,0.13210456096567214,0.616199552314356,0.6805217475630343,0.9972156811769972,0.00019999999999999985
have pouches,0.13210456096567214,0.6322779697366059,0.6805217475630343,0.9972156811769972,0.0004999999999999998
have pouches,0.13210456096567214,0.6322779697366059,0.6805217475630343,0.33155581447210375,0.0004999999999999998
have pouches,0.13210456096567214,0.6322779697366059,0.6805217475630343,0,0.008399999999999994
have pouches,0.13210456096567214,0.6322779697366059,0.6805217475630343,0.6412729295726199,0.0001000000000000001
have pouches,0.13210456096567214,0.6322779697366059,0.6805217475630343,0.9790616623720277,0.0004
have pouches,0.13210456096567214,0.6322779697366059,0.6805217475630343,0.11588336325851857,0.0001000000000000001
have pouches,0.13210456096567214,0.6322779697366059,0.6805217475630343,0.6793757515737947,0.0008
have pouches,0.13210456096567214,0.6322779697366059,0.6805217475630343,0.3521106741603383,0.0001000000000000001
have pouches,0.12297519342973828,0.6322779697366059,0.6805217475630343,0,0.00019999999999999985
have pouches,0.12629352509975433,0.6322779697366059,0.6805217475630343,0,0.00030000000000000024
have pouches,0.12850496638566256,0.6322779697366059,0.6805217475630343,0,0.0012999999999999993
have pouches,0.12850496638566256,0.6457538576796651,0.6805217475630343,0,0.003499999999999999
have pouches,0.12850496638566256,0.6457538576796651,0.6805217475630343,0.9998132582595615,0.0001000000000000001
have pouches,0.12850496638566256,0.6457538576796651,0.6805217475630343,0.07661240358322713,0.0001000000000000001
have pouches,0.12850496638566256,0.5523619367741048,0.6805217475630343,0.07661240358322713,0.0001000000000000001
have pouches,0.12850496638566256,0.5523619367741048,0.6805217475630343,0.00577243031550657,0.0001000000000000001
have pouches,0.12850496638566256,0.5523619367741048,0.6805217475630343,0.2561187615626503,0.0001000000000000001
have pouches,0.12850496638566256,0.5523619367741048,0.6805217475630343,0,0.0008
have pouches,0.12850496638566256,0.6314376681111753,0.6805217475630343,0,0.0001000000000000001
have pouches,0.12850496638566256,0.6665208251215518,0.6805217475630343,0,0.0032999999999999987
have pouches,0.12850496638566256,0.6604429648723453,0.6805217475630343,0,0.011499999999999996
have pouches,0.12850496638566256,0.6604429648723453,0.6805217475630343,0.9940400546514196,0.0001000000000000001
have pouches,0.12850496638566256,0.6604429648723453,0.6805217475630343,0.7050032277507854,0.0004
have pouches,0.12850496638566256,0.6604429648723453,0.6805217475630343,0.01275522366265994,0.0001000000000000001
have pouches,0.12850496638566256,0.6604429648723453,0.6805217475630343,0.9990211836642461,0.00019999999999999985
have pouches,0.12850496638566256,0.6604429648723453,0.6805217475630343,0.9954753689553728,0.0001000000000000001
have pouches,0.12850496638566256,0.6604429648723453,0.6805217475630343,0.9999996651338188,0.0008
have pouches,0.12850496638566256,0.6357214944437146,0.6805217475630343,0,0.0008999999999999997
have pouches,0.12850496638566256,0.6357214944437146,0.6805217475630343,0.5031698279093331,0.0001000000000000001
have pouches,0.12850496638566256,0.6357214944437146,0.6805217475630343,0.08313570134968928,0.0005999999999999994
have pouches,0.12850496638566256,0.671114788390696,0.6805217475630343,0.08313570134968928,0.0001000000000000001
have pouches,0.12850496638566256,0.671114788390696,0.6805217475630343,0,0.0004999999999999998
have pouches,0.11853977735154331,0.671114788390696,0.6805217475630343,0,0.0014000000000000006
have pouches,0.11997951660305262,0.671114788390696,0.6805217475630343,0,0.0011999999999999988
have pouches,0.11472354526631534,0.671114788390696,0.6805217475630343,0,0.0004999999999999998
have pouches,0.12361957388930023,0.671114788390696,0.6805217475630343,0,0.00030000000000000024
have pouches,0.12361957388930023,0.6904781046323478,0.6805217475630343,0,0.006199999999999998
have pouches,0.12361957388930023,0.6904781046323478,0.6805217475630343,0.44464705163126506,0.00030000000000000024
have pouches,0.12361957388930023,0.6904781046323478,0.6805217475630343,0.33050161914771203,0.0004999999999999998
have pouches,0.12361957388930023,0.6904781046323478,0.6805217475630343,0.7853209720977348,0.0004
have pouches,0.12361957388930023,0.6904781046323478,0.6805217475630343,0.3485314148858705,0.00019999999999999985
have pouches,0.12361957388930023,0.6013099267147481,0.6805217475630343,0,0.0017999999999999993
have pouches,0.12361957388930023,0.6013099267147481,0.6805217475630343,0.5536016516620341,0.00019999999999999985
have pouches,0.15055306279100478,0.6013099267147481,0.6805217475630343,0,0.0004999999999999998
have pouches,0.15055306279100478,0.7037325648125261,0.6805217475630343,0,0.0006999999999999997
have pouches,0.15055306279100478,0.6228434003423899,0.6805217475630343,0,0.0001000000000000001
have pouches,0.15055306279100478,0.6384772346355021,0.6805217475630343,0,0.00030000000000000024
have pouches,0.15055306279100478,0.5661638230085373,0.6805217475630343,0,0.003799999999999998
have pouches,0.15055306279100478,0.5661638230085373,0.6805217475630343,0.9988118911126485,0.00030000000000000024
have pouches,0.15055306279100478,0.5661638230085373,0.6805217475630343,0.0013792907088779399,0.0001000000000000001
have pouches,0.15055306279100478,0.5661638230085373,0.6805217475630343,0.6376039119113136,0.00030000000000000024
have pouches,0.15055306279100478,0.5661638230085373,0.6805217475630343,0.044832095848811634,0.00019999999999999985
have pouches,0.15055306279100478,0.5661638230085373,0.6805217475630343,0.0013471339030459838,0.00019999999999999985
have pouches,0.14754369854927063,0.5661638230085373,0.6805217475630343,0,0.004600000000000001
have pouches,0.14754369854927063,0.5661638230085373,0.6805217475630343,0.102356809649137,0.00019999999999999985
have pouches,0.14754369854927063,0.5661638230085373,0.6805217475630343,0.398388177622179,0.00019999999999999985
have pouches,0.14754369854927063,0.5661638230085373,0.6805217475630343,0.6617357890398783,0.0001000000000000001
have pouches,0.14754369854927063,0.6700573212001473,0.6805217475630343,0,0.0016999999999999997
have pouches,0.14754369854927063,0.6700573212001473,0.6805217475630343,0.054893147377718714,0.0005999999999999994
have pouches,0.14754369854927063,0.6700573212001473,0.6805217475630343,0.9740640719363817,0.0008999999999999997
have pouches,0.14754369854927063,0.6700573212001473,0.6805217475630343,0.2127329744581984,0.0001000000000000001
have pouches,0.14754369854927063,0.6700573212001473,0.6805217475630343,0.1979470750713905,0.0004
have pouches,0.14754369854927063,0.6700573212001473,0.6805217475630343,0.003728833831547229,0.0006999999999999997
have pouches,0.14754369854927063,0.6700573212001473,0.6805217475630343,0.6269787878053277,0.0001000000000000001
have pouches,0.14754369854927063,0.6700573212001473,0.6805217475630343,0.99999734350302,0.00030000000000000024
have pouches,0.14754369854927063,0.7026159865781665,0.6805217475630343,0,0.00019999999999999985
have pouches,0.14462322648614645,0.7026159865781665,0.6805217475630343,0,0.005100000000000003
have pouches,0.14462322648614645,0.7026159865781665,0.6805217475630343,0.13686101367052045,0.0001000000000000001
have pouches,0.14462322648614645,0.7026159865781665,0.6805217475630343,0.9903808620773119,0.0001000000000000001
have pouches,0.14462322648614645,0.7026159865781665,0.6805217475630343,0.9962373363704449,0.0001000000000000001
have pouches,0.14462322648614645,0.7026159865781665,0.6805217475630343,0.9927061625788671,0.0004
have pouches,0.14462322648614645,0.7026159865781665,0.6805217475630343,0.9855379993786857,0.0001000000000000001
have pouches,0.14462322648614645,0.7026159865781665,0.6805217475630343,0.22594678507318838,0.0008999999999999997
have pouches,0.14462322648614645,0.7026159865781665,0.6805217475630343,0.9999992915172958,0.0001000000000000001
have pouches,0.14462322648614645,0.5929557923227549,0.6805217475630343,0,0.003799999999999998
have pouches,0.14462322648614645,0.5929557923227549,0.6805217475630343,0.12087188369076499,0.00019999999999999985
have pouches,0.14462322648614645,0.5929557923227549,0.6805217475630343,0.9996060483598226,0.0004999999999999998
have pouches,0.14462322648614645,0.5929557923227549,0.6805217475630343,0.5781081640004947,0.0005999999999999994
have pouches,0.14462322648614645,0.5929557923227549,0.6805217475630343,0.47173393030086896,0.0005999999999999994
have pouches,0.14462322648614645,0.5929557923227549,0.6805217475630343,0.03881698979709867,0.0001000000000000001
have pouches,0.14462322648614645,0.5929557923227549,0.6805217475630343,0.6170743254325697,0.0004999999999999998
have pouches,0.14462322648614645,0.5929557923227549,0.6805217475630343,0.9999999998780831,0.00030000000000000024
have pouches,0.14462322648614645,0.6618741622660309,0.6805217475630343,0,0.0004999999999999998
have pouches,0.13917033839970827,0.6618741622660309,0.6805217475630343,0,0.0015000000000000002
have pouches,0.13917033839970827,0.6618741622660309,0.6805217475630343,0.07929414448098845,0.0001000000000000001
have pouches,0.13917033839970827,0.704439838649705,0.6805217475630343,0,0.0028000000000000013
have pouches,0.13917033839970827,0.704439838649705,0.6805217475630343,0.7803929112053216,0.0005999999999999994
have pouches,0.13917033839970827,0.704439838649705,0.6805217475630343,0.9804063796252473,0.0001000000000000001
have pouches,0.13917033839970827,0.704439838649705,0.6805217475630343,0.9874645663860014,0.0004999999999999998
have pouches,0.13917033839970827,0.704439838649705,0.6805217475630343,0.5211036219360581,0.0001000000000000001
have pouches,0.13917033839970827,0.710267809452489,0.6805217475630343,0,0.008799999999999999
have pouches,0.13917033839970827,0.710267809452489,0.6805217475630343,0.010663462931009072,0.0006999999999999997
have pouches,0.13917033839970827,0.710267809452489,0.6805217475630343,0.7751280526611067,0.00019999999999999985
have pouches,0.13917033839970827,0.710267809452489,0.6805217475630343,0.9886266476814249,0.0001000000000000001
have pouches,0.13917033839970827,0.710267809452489,0.6805217475630343,0.7526609984814996,0.0004
have pouches,0.13917033839970827,0.710267809452489,0.6805217475630343,0.05526387375550025,0.00019999999999999985
have pouches,0.12521988968364894,0.710267809452489,0.6805217475630343,0,0.005500000000000001
have pouches,0.12521988968364894,0.6151160469744354,0.6805217475630343,0,0.0021999999999999997
have pouches,0.12521988968364894,0.6402836611960083,0.6805217475630343,0,0.0008
have pouches,0.12973405490629375,0.6402836611960083,0.6805217475630343,0,0.0027000000000000006
have pouches,0.12973405490629375,0.6402836611960083,0.6805217475630343,0.2913672981521995,0.00019999999999999985
have pouches,0.12973405490629375,0.6402836611960083,0.6805217475630343,0.43552742784350473,0.00030000000000000024
have pouches,0.12973405490629375,0.6402836611960083,0.6805217475630343,0.9999935508415428,0.00030000000000000024
have pouches,0.12973405490629375,0.6402836611960083,0.6805217475630343,0.16360936660422923,0.00019999999999999985
have pouches,0.12973405490629375,0.6538603543303907,0.6805217475630343,0,0.007899999999999997
have pouches,0.12973405490629375,0.6538603543303907,0.6805217475630343,0.9996052198107169,0.00030000000000000024
have pouches,0.12973405490629375,0.6538603543303907,0.6805217475630343,0.23497054029048575,0.0001000000000000001
have pouches,0.12973405490629375,0.6538603543303907,0.6805217475630343,0.9180344501918899,0.00019999999999999985
have pouches,0.12973405490629375,0.6219470486976206,0.6805217475630343,0,0.004699999999999999
have pouches,0.12973405490629375,0.6219470486976206,0.6805217475630343,0.61878422421842,0.0001000000000000001
have pouches,0.12973405490629375,0.6219470486976206,0.6805217475630343,0.024114084543570006,0.0004999999999999998
have pouches,0.12973405490629375,0.6219470486976206,0.6805217475630343,0.000008333130838155698,0.0004999999999999998
have pouches,0.12973405490629375,0.6323232862632722,0.6805217475630343,0,0.0020999999999999986
have pouches,0.12973405490629375,0.6473874817602336,0.6805217475630343,0,0.00030000000000000024
have pouches,0.12973405490629375,0.618947098730132,0.6805217475630343,0,0.004100000000000001
have pouches,0.11986926943063736,0.618947098730132,0.6805217475630343,0,0.0004
have pouches,0.11986926943063736,0.7091672385577112,0.6805217475630343,0,0.0005999999999999994
have pouches,0.11986926943063736,0.6869354420341551,0.6805217475630343,0,0.0024
have pouches,0.11986926943063736,0.6869354420341551,0.6805217475630343,0.9370780588941403,0.00019999999999999985
have pouches,0.1608553878031671,0.6869354420341551,0.6805217475630343,0,0.0004
have pouches,0.1608553878031671,0.6095797230955213,0.6805217475630343,0,0.00030000000000000024
have pouches,0.1471676602959633,0.6095797230955213,0.6805217475630343,0,0.003499999999999999
have pouches,0.1471676602959633,0.6095797230955213,0.6805217475630343,0.9749370346426758,0.0004999999999999998
have pouches,0.1471676602959633,0.6095797230955213,0.6805217475630343,0.9651776348847387,0.0001000000000000001
have pouches,0.1471676602959633,0.6095797230955213,0.6805217475630343,0.9976749809237792,0.0001000000000000001
have pouches,0.1471676602959633,0.6750619965605438,0.6805217475630343,0,0.00030000000000000024
have pouches,0.1191702566575259,0.6750619965605438,0.6805217475630343,0,0.0010999999999999998
have pouches,0.1191702566575259,0.5936296884901822,0.6805217475630343,0,0.001899999999999999
have pouches,0.1191702566575259,0.5936296884901822,0.6805217475630343,0.9671986523870131,0.0001000000000000001
have pouches,0.1191702566575259,0.5936296884901822,0.6805217475630343,0.011892252327740075,0.0001000000000000001
have pouches,0.1191702566575259,0.5880548884160817,0.6805217475630343,0,0.0028000000000000013
have pouches,0.1191702566575259,0.5880548884160817,0.6805217475630343,0.46080440868019457,0.0001000000000000001
have pouches,0.1191702566575259,0.5880548884160817,0.6805217475630343,0.05968372650444103,0.00030000000000000024
have pouches,0.1191702566575259,0.5880548884160817,0.6805217475630343,0.782805680871209,0.00030000000000000024
have pouches,0.1191702566575259,0.5880548884160817,0.6805217475630343,0.49627777428952247,0.0001000000000000001
have pouches,0.1191702566575259,0.5783211274538189,0.6805217475630343,0,0.00030000000000000024
have pouches,0.1191702566575259,0.5783211274538189,0.6805217475630343,0.6814746342097346,0.0001000000000000001
have pouches,0.13658183882944286,0.5783211274538189,0.6805217475630343,0,0.0011999999999999988
have pouches,0.13658183882944286,0.5875214985571802,0.6805217475630343,0,0.0009999999999999996
have pouches,0.13658183882944286,0.5875214985571802,0.6805217475630343,0.7098883278567458,0.00019999999999999985
have pouches,0.13658183882944286,0.6031937124207616,0.6805217475630343,0.7098883278567458,0.00019999999999999985
have pouches,0.13658183882944286,0.6031937124207616,0.6805217475630343,0,0.003799999999999998
have pouches,0.13658183882944286,0.6031937124207616,0.6805217475630343,0.29612579404968165,0.0001000000000000001
have pouches,0.13658183882944286,0.6031937124207616,0.6805217475630343,0.08726795483499458,0.0010999999999999998
have pouches,0.13658183882944286,0.6031937124207616,0.6805217475630343,0.9364046757272415,0.0005999999999999994
have pouches,0.13658183882944286,0.6780050517991185,0.6805217475630343,0,0.0048
have pouches,0.13658183882944286,0.6780050517991185,0.6805217475630343,0.021746222290513723,0.0001000000000000001
have pouches,0.13658183882944286,0.6780050517991185,0.6805217475630343,0.6635659080724936,0.00019999999999999985
have pouches,0.13658183882944286,0.6486873182002455,0.6805217475630343,0,0.0016999999999999997
have pouches,0.13651397987268865,0.6486873182002455,0.6805217475630343,0,0.0011999999999999988
have pouches,0.13651397987268865,0.6486873182002455,0.7410672260448337,0,0.0004
have pouches,0.13651397987268865,0.6486873182002455,0.7410672260448337,0.002235782020197083,0.0008
have pouches,0.13651397987268865,0.6916991821490228,0.7410672260448337,0.002235782020197083,0.00030000000000000024
have pouches,0.13651397987268865,0.6916991821490228,0.7410672260448337,0,0.0023000000000000004
have pouches,0.13651397987268865,0.6916991821490228,0.7410672260448337,0.9538573267422525,0.00019999999999999985
have pouches,0.13651397987268865,0.7129939491860569,0.7410672260448337,0,0.0001000000000000001
have pouches,0.13651397987268865,0.7195305896457285,0.7410672260448337,0,0.0015000000000000002
have pouches,0.13651397987268865,0.6951133604161441,0.7410672260448337,0,0.0015000000000000002
have pouches,0.13651397987268865,0.6951133604161441,0.7410672260448337,0.3332028303578873,0.0001000000000000001
have pouches,0.13651397987268865,0.6951133604161441,0.7410672260448337,0.9068335584807112,0.00019999999999999985
have pouches,0.13651397987268865,0.6951133604161441,0.7410672260448337,0.9931476699652023,0.0001000000000000001
have pouches,0.13651397987268865,0.676525445189327,0.7410672260448337,0,0.011199999999999995
have pouches,0.13651397987268865,0.676525445189327,0.7410672260448337,0.9967114948890261,0.0001000000000000001
have pouches,0.13651397987268865,0.676525445189327,0.7410672260448337,0.11745177001112804,0.0001000000000000001
have pouches,0.13651397987268865,0.676525445189327,0.7410672260448337,0.8485415463400968,0.00019999999999999985
have pouches,0.13651397987268865,0.676525445189327,0.7410672260448337,0.6922419870589184,0.0004999999999999998
have pouches,0.13651397987268865,0.676525445189327,0.7410672260448337,0.9986225967757636,0.0001000000000000001
have pouches,0.13651397987268865,0.676525445189327,0.7410672260448337,0.7315587295112838,0.0001000000000000001
have pouches,0.16057674307376146,0.676525445189327,0.7410672260448337,0,0.0004
have pouches,0.16057674307376146,0.676525445189327,0.693632650654763,0,0.0027000000000000006
have pouches,0.09679847210645676,0.676525445189327,0.693632650654763,0,0.0001000000000000001
have pouches,0.10349232680164278,0.676525445189327,0.693632650654763,0,0.00030000000000000024
have pouches,0.1419069415424019,0.676525445189327,0.693632650654763,0,0.0001000000000000001
have pouches,0.12406465481035411,0.676525445189327,0.693632650654763,0,0.0004999999999999998
have pouches,0.12406465481035411,0.6411243753973395,0.693632650654763,0,0.005100000000000003
have pouches,0.12406465481035411,0.6411243753973395,0.693632650654763,0.03474067089413913,0.0001000000000000001
have pouches,0.12406465481035411,0.6411243753973395,0.693632650654763,0.9929709747539874,0.00019999999999999985
have pouches,0.12406465481035411,0.6411243753973395,0.693632650654763,0.9999856583322657,0.0001000000000000001
have pouches,0.12406465481035411,0.6411243753973395,0.693632650654763,0.984658084687306,0.0001000000000000001
have pouches,0.12406465481035411,0.6411243753973395,0.693632650654763,0.15922350462103996,0.0001000000000000001
have pouches,0.12406465481035411,0.6411243753973395,0.693632650654763,0.8972097813712758,0.00030000000000000024
have pouches,0.12406465481035411,0.6411243753973395,0.693632650654763,0.03360967615345695,0.0001000000000000001
have pouches,0.12406465481035411,0.6411243753973395,0.693632650654763,0.8806008781305891,0.00019999999999999985
have pouches,0.12406465481035411,0.6411243753973395,0.7276584627106786,0,0.015899999999999997
have pouches,0.12406465481035411,0.6411243753973395,0.7276584627106786,0.31022636344169774,0.0006999999999999997
have pouches,0.12406465481035411,0.6411243753973395,0.7276584627106786,0.9828720777336227,0.0001000000000000001
have pouches,0.12406465481035411,0.5989991780370474,0.7276584627106786,0,0.0010999999999999998
have pouches,0.12406465481035411,0.6576458204071969,0.7276584627106786,0,0.0012999999999999993
have pouches,0.12406465481035411,0.6576924759428948,0.7276584627106786,0,0.0024
have pouches,0.12406465481035411,0.6576924759428948,0.7276584627106786,0.6149846605843329,0.0001000000000000001
have pouches,0.12406465481035411,0.6576924759428948,0.7276584627106786,0.027517285106809633,0.00019999999999999985
have pouches,0.12406465481035411,0.5953372230287641,0.7276584627106786,0,0.003799999999999998
have pouches,0.12406465481035411,0.5953372230287641,0.7276584627106786,0.28840767137660217,0.00019999999999999985
have pouches,0.12406465481035411,0.5953372230287641,0.7276584627106786,0.7753135420149947,0.0001000000000000001
have pouches,0.12406465481035411,0.5953372230287641,0.7276584627106786,0.9531782131849124,0.00030000000000000024
have pouches,0.15265007689595222,0.5953372230287641,0.7276584627106786,0,0.0016
have pouches,0.15265007689595222,0.6864310803357512,0.7276584627106786,0,0.0032
have pouches,0.15265007689595222,0.6864310803357512,0.7276584627106786,0.7671720139756977,0.0005999999999999994
have pouches,0.15265007689595222,0.6721028690226376,0.7276584627106786,0,0.006299999999999998
have pouches,0.15265007689595222,0.6721028690226376,0.7276584627106786,0.9999999999991555,0.00019999999999999985
have pouches,0.15265007689595222,0.6721028690226376,0.7276584627106786,0.9999782211291007,0.0001000000000000001
have pouches,0.15265007689595222,0.6721028690226376,0.7276584627106786,0.8907171031618251,0.0001000000000000001
have pouches,0.15265007689595222,0.6721028690226376,0.7276584627106786,0.9391011221213793,0.0001000000000000001
have pouches,0.15265007689595222,0.6721028690226376,0.7276584627106786,0.9555617187448278,0.0008
have pouches,0.15265007689595222,0.6721028690226376,0.7276584627106786,0.6946605573200078,0.00019999999999999985
have pouches,0.15265007689595222,0.6721028690226376,0.7276584627106786,0.6596950189000212,0.00019999999999999985
have pouches,0.15265007689595222,0.6721028690226376,0.7276584627106786,0.6418115920878047,0.0001000000000000001
have pouches,0.15265007689595222,0.6721028690226376,0.7276584627106786,0.9998525379571805,0.00019999999999999985
have pouches,0.15265007689595222,0.6721028690226376,0.7276584627106786,0.9720440659170241,0.0004999999999999998
have pouches,0.15265007689595222,0.6721028690226376,0.7276584627106786,0.5400167797042047,0.0004
have pouches,0.15265007689595222,0.6721028690226376,0.7276584627106786,0.9276876920579523,0.00019999999999999985
have pouches,0.15265007689595222,0.6721028690226376,0.7276584627106786,0.9847117764475836,0.00019999999999999985
have pouches,0.15265007689595222,0.6721028690226376,0.7276584627106786,0.5273739304325553,0.0004999999999999998
have pouches,0.15265007689595222,0.6558293928392231,0.7276584627106786,0,0.005199999999999997
have pouches,0.15265007689595222,0.6558293928392231,0.7276584627106786,0.8460023888047932,0.00019999999999999985
have pouches,0.15265007689595222,0.6558293928392231,0.7276584627106786,0.5297792320591531,0.0004999999999999998
have pouches,0.15265007689595222,0.6558293928392231,0.7276584627106786,0.5543674624774918,0.0005999999999999994
have pouches,0.15265007689595222,0.6275269971229136,0.7276584627106786,0,0.0008
have pouches,0.15265007689595222,0.6078806845471263,0.7276584627106786,0,0.0024
have pouches,0.15265007689595222,0.6995443692430854,0.7276584627106786,0,0.0004
have pouches,0.15265007689595222,0.703231013379991,0.7276584627106786,0,0.0014000000000000006
have pouches,0.15265007689595222,0.703231013379991,0.7276584627106786,0.9808990844178125,0.0005999999999999994
have pouches,0.15265007689595222,0.703231013379991,0.7276584627106786,0.9981023796980785,0.00030000000000000024
have pouches,0.15265007689595222,0.703231013379991,0.7276584627106786,0.00564987304807391,0.0001000000000000001
have pouches,0.15265007689595222,0.703231013379991,0.7276584627106786,0.8308951531027584,0.00019999999999999985
have pouches,0.15265007689595222,0.703231013379991,0.7276584627106786,0.0007224371314449667,0.0004
have pouches,0.15265007689595222,0.703231013379991,0.7276584627106786,0.9017161981688155,0.0001000000000000001
have pouches,0.15265007689595222,0.5881637209095061,0.7276584627106786,0,0.0027000000000000006
have pouches,0.15265007689595222,0.5881637209095061,0.7276584627106786,0.9520984924130405,0.0001000000000000001
have pouches,0.15265007689595222,0.5881637209095061,0.7276584627106786,0.9999701749320355,0.0001000000000000001
have pouches,0.15265007689595222,0.5881637209095061,0.7276584627106786,0.908232358311292,0.00030000000000000024
have pouches,0.15265007689595222,0.5881637209095061,0.7276584627106786,0.695684781086313,0.0001000000000000001
have pouches,0.15265007689595222,0.5881637209095061,0.7276584627106786,0.9666811872796881,0.00019999999999999985
have pouches,0.15265007689595222,0.5881637209095061,0.7276584627106786,0.9998414156736296,0.0005999999999999994
have pouches,0.1261753395665437,0.5881637209095061,0.7276584627106786,0,0.004000000000000003
have pouches,0.1261753395665437,0.5881637209095061,0.7276584627106786,0.9590940131497535,0.0004
have pouches,0.1261753395665437,0.6647405824624002,0.7276584627106786,0,0.003799999999999998
have pouches,0.1261753395665437,0.6268195181619376,0.7276584627106786,0,0.00019999999999999985
have pouches,0.1261753395665437,0.6310689556412399,0.7276584627106786,0,0.005400000000000001
have pouches,0.1261753395665437,0.6310689556412399,0.7276584627106786,0.935134872487709,0.0001000000000000001
have pouches,0.1261753395665437,0.6310689556412399,0.7276584627106786,0.7557236989791378,0.0001000000000000001
have pouches,0.1261753395665437,0.6310689556412399,0.7276584627106786,0.9999739990697674,0.0014000000000000006
have pouches,0.1261753395665437,0.6310689556412399,0.7276584627106786,0.04533720588126498,0.0008
have pouches,0.1261753395665437,0.6310689556412399,0.7276584627106786,0.9999999999276551,0.00019999999999999985
have pouches,0.13588412292301655,0.6310689556412399,0.7276584627106786,0,0.00030000000000000024
have pouches,0.13098539551720023,0.6310689556412399,0.7276584627106786,0,0.0020000000000000013
have pouches,0.13098539551720023,0.6223699322436005,0.7276584627106786,0,0.0028000000000000013
have pouches,0.13098539551720023,0.6223699322436005,0.7276584627106786,0.9996012364681885,0.0001000000000000001
have pouches,0.13098539551720023,0.6223699322436005,0.7276584627106786,0.999999939251367,0.00019999999999999985
have pouches,0.13098539551720023,0.6223699322436005,0.7276584627106786,0.04189778282989235,0.0008
have pouches,0.13098539551720023,0.6347003730479628,0.7276584627106786,0,0.00019999999999999985
have pouches,0.13098539551720023,0.6837297261226922,0.7276584627106786,0,0.0017999999999999993
have pouches,0.11148867849260569,0.6837297261226922,0.7276584627106786,0,0.0006999999999999997
have pouches,0.11148867849260569,0.7023538560606539,0.7276584627106786,0,0.003099999999999999
have pouches,0.11148867849260569,0.6154557953123003,0.7276584627106786,0,0.0015000000000000002
have pouches,0.1504070300143212,0.6154557953123003,0.7276584627106786,0,0.0021999999999999997
have pouches,0.1504070300143212,0.6154557953123003,0.7276584627106786,0.9995895173207268,0.0001000000000000001
have pouches,0.1504070300143212,0.6154557953123003,0.7276584627106786,0.000055717592542403384,0.0001000000000000001
have pouches,0.1504070300143212,0.6154557953123003,0.7276584627106786,0.4884183895729241,0.0005999999999999994
have pouches,0.1504070300143212,0.6154557953123003,0.7276584627106786,0.9989524303670446,0.0001000000000000001
have pouches,0.1504070300143212,0.6154557953123003,0.7276584627106786,0.0014259484171183334,0.0001000000000000001
have pouches,0.1504070300143212,0.6154557953123003,0.7276584627106786,0.952846890779801,0.0001000000000000001
have pouches,0.1504070300143212,0.6288415759336203,0.7276584627106786,0,0.0024
have pouches,0.1504070300143212,0.6693901070393622,0.7276584627106786,0,0.0061
have pouches,0.1504070300143212,0.6693901070393622,0.7276584627106786,0.7645514247370743,0.00019999999999999985
have pouches,0.1504070300143212,0.6693901070393622,0.7276584627106786,0.7819804889835701,0.0004
have pouches,0.1504070300143212,0.6693901070393622,0.7276584627106786,0.18884973527554125,0.0004
have pouches,0.1504070300143212,0.6875402966979891,0.7276584627106786,0,0.0023000000000000004
have pouches,0.1504070300143212,0.6875402966979891,0.7276584627106786,0.9999538887949411,0.00019999999999999985
have pouches,0.1504070300143212,0.6875402966979891,0.7276584627106786,0.39475801967006974,0.0001000000000000001
have pouches,0.1504070300143212,0.6875402966979891,0.7276584627106786,0.8398693805561752,0.00030000000000000024
have pouches,0.15626899106428027,0.6875402966979891,0.7276584627106786,0,0.0010999999999999998
have pouches,0.15626899106428027,0.7123165670782328,0.7276584627106786,0,0.0005999999999999994
have pouches,0.15626899106428027,0.6569993738085032,0.7276584627106786,0,0.007099999999999997
have pouches,0.15626899106428027,0.6569993738085032,0.7276584627106786,0.8311004565004732,0.0001000000000000001
have pouches,0.15626899106428027,0.6569993738085032,0.7276584627106786,0.9965894426921525,0.00019999999999999985
have pouches,0.12946954602375627,0.6569993738085032,0.7276584627106786,0,0.0081
have pouches,0.12946954602375627,0.6814094858709723,0.7276584627106786,0,0.0010999999999999998
have pouches,0.12946954602375627,0.6210965567734092,0.7276584627106786,0,0.0020999999999999986
have pouches,0.12946954602375627,0.6656199097633362,0.7276584627106786,0,0.00030000000000000024
have pouches,0.12946954602375627,0.680780082475394,0.7276584627106786,0,0.002999999999999998
have pouches,0.12946954602375627,0.6291302451863885,0.7276584627106786,0,0.002999999999999998
have pouches,0.12946954602375627,0.6291302451863885,0.7276584627106786,0.82491355044599,0.0005999999999999994
have pouches,0.12946954602375627,0.6291302451863885,0.7276584627106786,0.9976257840059748,0.0001000000000000001
have pouches,0.13067314471118152,0.6291302451863885,0.7276584627106786,0,0.0072999999999999975
have pouches,0.13067314471118152,0.6291302451863885,0.7276584627106786,0.8525578722095823,0.00030000000000000024
have pouches,0.13067314471118152,0.6291302451863885,0.7276584627106786,0.999998575255258,0.0004
have pouches,0.13067314471118152,0.6291302451863885,0.7276584627106786,0.9964312620726706,0.0001000000000000001
have pouches,0.13067314471118152,0.6291302451863885,0.7208604132756591,0,0.0005999999999999994
have pouches,0.13067314471118152,0.6021819137968123,0.7208604132756591,0,0.0006999999999999997
have pouches,0.13067314471118152,0.6021819137968123,0.7208604132756591,0.7639862009036033,0.0001000000000000001
have pouches,0.13067314471118152,0.6021819137968123,0.7208604132756591,0.9297872583304982,0.00019999999999999985
have pouches,0.13067314471118152,0.5947981043718755,0.7208604132756591,0.9297872583304982,0.00030000000000000024
have pouches,0.13067314471118152,0.5947981043718755,0.7208604132756591,0,0.0009999999999999996
have pouches,0.13067314471118152,0.5947981043718755,0.7208604132756591,0.9852411908118061,0.0001000000000000001
have pouches,0.13067314471118152,0.5947981043718755,0.7208604132756591,0.9999919236745469,0.00030000000000000024
have pouches,0.13067314471118152,0.5947981043718755,0.7208604132756591,0.6271000121446766,0.0008
have pouches,0.14922055322676897,0.5947981043718755,0.7208604132756591,0.6271000121446766,0.0004
have pouches,0.14922055322676897,0.5947981043718755,0.7208604132756591,0,0.0032
have pouches,0.1669603770133108,0.5947981043718755,0.7208604132756591,0,0.0004999999999999998
have pouches,0.1606987090781331,0.5947981043718755,0.7208604132756591,0,0.00019999999999999985
have pouches,0.1606987090781331,0.6929102467838675,0.7208604132756591,0,0.0004
have pouches,0.1047264349181205,0.6929102467838675,0.7208604132756591,0,0.00030000000000000024
have pouches,0.151709038997069,0.6929102467838675,0.7208604132756591,0,0.0004999999999999998
have pouches,0.151709038997069,0.6929102467838675,0.7208604132756591,0.9985810905521691,0.0001000000000000001
have pouches,0.1451638974249363,0.6929102467838675,0.7208604132756591,0,0.0012999999999999993
have pouches,0.1451638974249363,0.6929102467838675,0.7208604132756591,0.9911914066041909,0.0004999999999999998
have pouches,0.1451638974249363,0.6929102467838675,0.7208604132756591,0.07039841362649067,0.00030000000000000024
have pouches,0.1451638974249363,0.6212292488198727,0.7208604132756591,0,0.002999999999999998
have pouches,0.1451638974249363,0.6212292488198727,0.7208604132756591,0.814197067833442,0.0001000000000000001
have pouches,0.1451638974249363,0.6212292488198727,0.7208604132756591,0.005203860619622982,0.0001000000000000001
have pouches,0.1451638974249363,0.6212292488198727,0.7208604132756591,0.005425406412138572,0.0005999999999999994
have pouches,0.1451638974249363,0.6212292488198727,0.7208604132756591,0.0003298831735924511,0.0009999999999999996
have pouches,0.1451638974249363,0.6212292488198727,0.7208604132756591,0.3497021910638087,0.00019999999999999985
have pouches,0.1451638974249363,0.6212292488198727,0.7208604132756591,0.8723733949673014,0.0001000000000000001
have pouches,0.1451638974249363,0.6212292488198727,0.7208604132756591,0.2844299457722297,0.0001000000000000001
have pouches,0.1451638974249363,0.6412107807118446,0.7208604132756591,0,0.001899999999999999
have pouches,0.1451638974249363,0.6412107807118446,0.7208604132756591,0.01482264732710722,0.00030000000000000024
have pouches,0.1451638974249363,0.6412107807118446,0.7208604132756591,0.6888938776524156,0.00030000000000000024
have pouches,0.1451638974249363,0.6412107807118446,0.7208604132756591,0.9349109329635328,0.0001000000000000001
have pouches,0.1451638974249363,0.6257532075978816,0.7208604132756591,0.9349109329635328,0.00030000000000000024
have pouches,0.1451638974249363,0.6257532075978816,0.7208604132756591,0,0.0011999999999999988
have pouches,0.1451638974249363,0.6510332466568798,0.7208604132756591,0,0.0027000000000000006
have pouches,0.1451638974249363,0.6459111019503325,0.7208604132756591,0,0.0016999999999999997
have pouches,0.1451638974249363,0.693862572312355,0.7208604132756591,0,0.003099999999999999
have pouches,0.1451638974249363,0.693862572312355,0.7208604132756591,0.7955585831079663,0.00030000000000000024
have pouches,0.1451638974249363,0.693862572312355,0.7208604132756591,0.9377579481110457,0.00019999999999999985
have pouches,0.1451638974249363,0.6566159531939775,0.7208604132756591,0,0.0057
have pouches,0.1451638974249363,0.6566159531939775,0.7208604132756591,0.999958053825023,0.0008
have pouches,0.1172182506415993,0.6566159531939775,0.7208604132756591,0,0.0057
have pouches,0.14319850411266088,0.6566159531939775,0.7208604132756591,0,0.0012999999999999993
have pouches,0.1357103860937059,0.6566159531939775,0.7208604132756591,0,0.009399999999999999
have pouches,0.1357103860937059,0.6566159531939775,0.7208604132756591,0.9997391766486307,0.0001000000000000001
have pouches,0.1357103860937059,0.6566159531939775,0.7208604132756591,0.7690637652293044,0.00030000000000000024
have pouches,0.1357103860937059,0.6330445127096027,0.7208604132756591,0,0.004100000000000001
have pouches,0.1357103860937059,0.6330445127096027,0.7208604132756591,0.6202890650145158,0.0004
have pouches,0.1357103860937059,0.6330445127096027,0.7208604132756591,0.7303219739198088,0.00019999999999999985
have pouches,0.1357103860937059,0.6330445127096027,0.7876371731981635,0,0.00030000000000000024
have pouches,0.1357103860937059,0.6330445127096027,0.7876371731981635,0.021375633254031863,0.0010999999999999998
have pouches,0.1357103860937059,0.6330445127096027,0.7876371731981635,0.23442223549288665,0.0005999999999999994
have pouches,0.1357103860937059,0.6330445127096027,0.7876371731981635,0.8512668791758318,0.0001000000000000001
have pouches,0.1357103860937059,0.6330445127096027,0.7876371731981635,0.4094284780529599,0.00019999999999999985
have pouches,0.1357103860937059,0.6330445127096027,0.7876371731981635,0.7531313446088662,0.00019999999999999985
have pouches,0.1357103860937059,0.6330445127096027,0.7876371731981635,0.9989223603942201,0.0001000000000000001
have pouches,0.1357103860937059,0.6330445127096027,0.7876371731981635,0.8837696201953679,0.00019999999999999985
have pouches,0.1357103860937059,0.6406370834447443,0.7876371731981635,0.8837696201953679,0.0001000000000000001
have pouches,0.1357103860937059,0.6406370834447443,0.7876371731981635,0.7453421815993551,0.0008
have pouches,0.1357103860937059,0.6406370834447443,0.7876371731981635,0.3073596803474489,0.0001000000000000001
have pouches,0.1357103860937059,0.6406370834447443,0.7876371731981635,0,0.006999999999999998
have pouches,0.1357103860937059,0.6406370834447443,0.7876371731981635,0.42702769518115863,0.00030000000000000024
have pouches,0.1357103860937059,0.6406370834447443,0.7876371731981635,0.9019625088281097,0.00019999999999999985
have pouches,0.1357103860937059,0.6406370834447443,0.7876371731981635,0.9961539883438292,0.0001000000000000001
have pouches,0.1357103860937059,0.6406370834447443,0.7876371731981635,0.03136859599309802,0.00019999999999999985
have pouches,0.1357103860937059,0.6406370834447443,0.7876371731981635,0.7060000591487267,0.0001000000000000001
have pouches,0.1357103860937059,0.6406370834447443,0.7876371731981635,0.9999999173370936,0.00030000000000000024
have pouches,0.1357103860937059,0.6406370834447443,0.7876371731981635,0.5529985532901326,0.0011999999999999988
have pouches,0.1357103860937059,0.6406370834447443,0.7876371731981635,0.9999522339140601,0.00030000000000000024
have pouches,0.1357103860937059,0.6406370834447443,0.7876371731981635,0.07307770407279482,0.00030000000000000024
have pouches,0.1357103860937059,0.70943613210693,0.7876371731981635,0,0.0020999999999999986
have pouches,0.1357103860937059,0.665982594480738,0.7876371731981635,0,0.00030000000000000024
have pouches,0.1357103860937059,0.665982594480738,0.7876371731981635,0.983319826168714,0.0001000000000000001
have pouches,0.14800052833743393,0.665982594480738,0.7876371731981635,0.983319826168714,0.00030000000000000024
have pouches,0.14800052833743393,0.665982594480738,0.7876371731981635,0.239694758426317,0.00019999999999999985
have pouches,0.14800052833743393,0.665982594480738,0.7876371731981635,0,0.0016999999999999997
have pouches,0.14800052833743393,0.665982594480738,0.7876371731981635,0.9887358460672918,0.0004999999999999998
have pouches,0.14800052833743393,0.665982594480738,0.7876371731981635,0.3850127071417541,0.0001000000000000001
have pouches,0.14800052833743393,0.665982594480738,0.7876371731981635,0.9355636047237947,0.00019999999999999985
have pouches,0.14800052833743393,0.665982594480738,0.7876371731981635,0.5735866323814964,0.0001000000000000001
have pouches,0.14800052833743393,0.665982594480738,0.7876371731981635,0.9873078433975733,0.0001000000000000001
have pouches,0.14800052833743393,0.665982594480738,0.7876371731981635,0.5427445208769975,0.0005999999999999994
have pouches,0.14800052833743393,0.665982594480738,0.7876371731981635,0.8253497495478564,0.0001000000000000001
have pouches,0.14800052833743393,0.665982594480738,0.7887693238444626,0.8253497495478564,0.0010999999999999998
have pouches,0.14800052833743393,0.665982594480738,0.7887693238444626,0,0.0008
have pouches,0.14800052833743393,0.665982594480738,0.7887693238444626,0.037964278006578235,0.00030000000000000024
have pouches,0.14800052833743393,0.7000187900848687,0.7887693238444626,0.037964278006578235,0.0005999999999999994
have pouches,0.14800052833743393,0.7000187900848687,0.7887693238444626,0.642478947640561,0.0001000000000000001
have pouches,0.14800052833743393,0.6595155352260917,0.7887693238444626,0.642478947640561,0.0001000000000000001
have pouches,0.14800052833743393,0.6595155352260917,0.7887693238444626,0.8001146115446801,0.0004999999999999998
have pouches,0.14800052833743393,0.6595155352260917,0.7887693238444626,0,0.001899999999999999
have pouches,0.14800052833743393,0.6679581254720688,0.7887693238444626,0,0.00019999999999999985
have pouches,0.12051972234621644,0.6679581254720688,0.7887693238444626,0,0.0016999999999999997
have pouches,0.12051972234621644,0.6690217084251344,0.7887693238444626,0,0.0028999999999999994
have pouches,0.12661613197997212,0.6690217084251344,0.7887693238444626,0,0.006599999999999997
have pouches,0.12661613197997212,0.645367027958855,0.7887693238444626,0,0.007099999999999997
have pouches,0.12661613197997212,0.645367027958855,0.7887693238444626,0.8782425148935653,0.00030000000000000024
have pouches,0.12661613197997212,0.645367027958855,0.7887693238444626,0.26315525714540433,0.0004
have pouches,0.12661613197997212,0.645367027958855,0.7887693238444626,0.49845261570349536,0.00019999999999999985
have pouches,0.12661613197997212,0.6507966709323227,0.7887693238444626,0,0.004100000000000001
have pouches,0.12661613197997212,0.6444252664223313,0.7887693238444626,0,0.006799999999999999
have pouches,0.12661613197997212,0.6324585855472833,0.7887693238444626,0,0.0035999999999999986
have pouches,0.12661613197997212,0.6324585855472833,0.7887693238444626,0.9395459444480775,0.0004999999999999998
have pouches,0.12661613197997212,0.6741352637764066,0.7887693238444626,0,0.0049000000000000024
have pouches,0.12661613197997212,0.6741352637764066,0.7887693238444626,0.18881611788255073,0.0001000000000000001
have pouches,0.12661613197997212,0.6177076420281082,0.7887693238444626,0.18881611788255073,0.00030000000000000024
have pouches,0.12661613197997212,0.6177076420281082,0.7887693238444626,0,0.0004
have pouches,0.12661613197997212,0.6381868231110275,0.7887693238444626,0,0.0012999999999999993
have pouches,0.11793660838156939,0.6381868231110275,0.7887693238444626,0,0.00030000000000000024
have pouches,0.11793660838156939,0.6381868231110275,0.8598955580964684,0,0.0005999999999999994
have pouches,0.14283597865141928,0.6381868231110275,0.8598955580964684,0,0.0035999999999999986
have pouches,0.14283597865141928,0.6381868231110275,0.8598955580964684,0.9982728875504788,0.00030000000000000024
have pouches,0.14283597865141928,0.6381868231110275,0.8598955580964684,0.936204239065626,0.0001000000000000001
have pouches,0.14283597865141928,0.6480636787600815,0.8598955580964684,0,0.0016999999999999997
have pouches,0.13636327371932566,0.6480636787600815,0.8598955580964684,0,0.0023000000000000004
have pouches,0.13636327371932566,0.6361539044883102,0.8598955580964684,0,0.0057
have pouches,0.13636327371932566,0.6373422027099878,0.8598955580964684,0,0.0004
have pouches,0.13636327371932566,0.6491526935715228,0.8598955580964684,0,0.0024
have pouches,0.13636327371932566,0.6491526935715228,0.8598955580964684,0.8775323568852562,0.0001000000000000001
have pouches,0.13636327371932566,0.6491526935715228,0.8598955580964684,0.8893756694673972,0.0001000000000000001
have pouches,0.13636327371932566,0.6491526935715228,0.8598955580964684,0.8257608966843004,0.00030000000000000024
have pouches,0.13636327371932566,0.6491526935715228,0.8598955580964684,0.8238151768103511,0.0004
have pouches,0.13636327371932566,0.6491526935715228,0.600398366805166,0,0.00019999999999999985
have pouches,0.13636327371932566,0.6491526935715228,0.8029810269363225,0,0.0015000000000000002
have pouches,0.16146710328757763,0.6491526935715228,0.8029810269363225,0,0.0009999999999999996
have pouches,0.14100800198502839,0.6491526935715228,0.8029810269363225,0,0.004399999999999999
have pouches,0.14100800198502839,0.6491526935715228,0.8029810269363225,0.9123777903655639,0.0001000000000000001
have pouches,0.14100800198502839,0.6491526935715228,0.5977731198072433,0,0.003700000000000001
have pouches,0.14100800198502839,0.6491526935715228,0.5977731198072433,0.9003841267061582,0.0001000000000000001
have pouches,0.14100800198502839,0.6280854477081448,0.5977731198072433,0,0.0001000000000000001
have pouches,0.14100800198502839,0.6280854477081448,0.5977731198072433,0.8545190488669618,0.0005999999999999994
have pouches,0.14100800198502839,0.6139510988723487,0.5977731198072433,0.8545190488669618,0.0004
have pouches,0.14100800198502839,0.6139510988723487,0.5977731198072433,0.2717818397264302,0.0001000000000000001
have pouches,0.14100800198502839,0.6139510988723487,0.5977731198072433,0,0.0017999999999999993
have pouches,0.14100800198502839,0.6139510988723487,0.5977731198072433,0.5195586628626284,0.0001000000000000001
have pouches,0.14063454302959144,0.6139510988723487,0.5977731198072433,0,0.0020999999999999986
have pouches,0.14063454302959144,0.6515678314026445,0.5977731198072433,0,0.0083
have pouches,0.14063454302959144,0.6515678314026445,0.5977731198072433,0.5157062077454472,0.0001000000000000001
have pouches,0.13468254101462662,0.6515678314026445,0.5977731198072433,0,0.0020999999999999986
have pouches,0.13468254101462662,0.6515678314026445,0.5977731198072433,0.40252277736196607,0.0001000000000000001
have pouches,0.13468254101462662,0.6515678314026445,0.5977731198072433,0.9979285331976898,0.0001000000000000001
have pouches,0.13468254101462662,0.6778892441652715,0.5977731198072433,0,0.0005999999999999994
have pouches,0.13468254101462662,0.583863323321566,0.5977731198072433,0,0.0017999999999999993
have pouches,0.13468254101462662,0.6170710783917457,0.5977731198072433,0,0.0001000000000000001
have pouches,0.13468254101462662,0.6290920234750956,0.5977731198072433,0,0.004600000000000001
have pouches,0.13468254101462662,0.6290920234750956,0.5977731198072433,0.626811304741401,0.0001000000000000001
have pouches,0.13468254101462662,0.6290920234750956,0.5977731198072433,0.06191955921017281,0.00019999999999999985
have pouches,0.13468254101462662,0.6290920234750956,0.5977731198072433,0.9999950156568602,0.0001000000000000001
have pouches,0.13468254101462662,0.6290920234750956,0.5977731198072433,0.9721978926706132,0.0001000000000000001
have pouches,0.13468254101462662,0.6290920234750956,0.5977731198072433,0.9645104297806472,0.00019999999999999985
have pouches,0.13468254101462662,0.6290920234750956,0.5977731198072433,0.04940418146982432,0.0004999999999999998
have pouches,0.13468254101462662,0.6290920234750956,0.5977731198072433,0.03958077891659755,0.00030000000000000024
have pouches,0.13468254101462662,0.6290920234750956,0.5977731198072433,0.7690260681614205,0.00019999999999999985
have pouches,0.13468254101462662,0.6290920234750956,0.5977731198072433,0.9999820044681159,0.00019999999999999985
have pouches,0.13468254101462662,0.6290920234750956,0.5977731198072433,0.9220883532394754,0.0001000000000000001
have pouches,0.13468254101462662,0.6335381800308824,0.5977731198072433,0,0.004300000000000002
have pouches,0.13468254101462662,0.593308957060799,0.5977731198072433,0,0.003499999999999999
have pouches,0.13468254101462662,0.6690294267609715,0.5977731198072433,0,0.0016
have pouches,0.13468254101462662,0.6690294267609715,0.5977731198072433,0.12491916435513284,0.00030000000000000024
have pouches,0.11538595124147832,0.6690294267609715,0.5977731198072433,0,0.0025999999999999986
have pouches,0.11538595124147832,0.6559679119382054,0.5977731198072433,0,0.0032
have pouches,0.11538595124147832,0.6146168916020542,0.5977731198072433,0,0.0008999999999999997
have pouches,0.11538595124147832,0.6250908600632101,0.5977731198072433,0,0.0024
have pouches,0.11279510124586523,0.6250908600632101,0.5977731198072433,0,0.006599999999999997
have pouches,0.13444964541122317,0.6250908600632101,0.5977731198072433,0,0.00030000000000000024
have pouches,0.13444964541122317,0.6250908600632101,0.5977731198072433,0.99647842901098,0.0001000000000000001
have pouches,0.1429672813974321,0.6250908600632101,0.5977731198072433,0,0.0016999999999999997
have pouches,0.1429672813974321,0.6324553976301104,0.5977731198072433,0,0.0005999999999999994
have pouches,0.1429672813974321,0.6486933897249401,0.5977731198072433,0,0.0016999999999999997
have pouches,0.1429672813974321,0.6486933897249401,0.5977731198072433,0.8463512916884276,0.00019999999999999985
have pouches,0.1421355684287846,0.6486933897249401,0.5977731198072433,0,0.0014000000000000006
have pouches,0.1421355684287846,0.6271648104302585,0.5977731198072433,0,0.00030000000000000024
have pouches,0.1421355684287846,0.6249409990850836,0.5977731198072433,0,0.0004
have pouches,0.1421355684287846,0.6366761797107756,0.5977731198072433,0,0.004199999999999997
have pouches,0.1421355684287846,0.6366761797107756,0.5977731198072433,0.9922747772000119,0.0001000000000000001
have pouches,0.1424134431872517,0.6366761797107756,0.5977731198072433,0,0.004600000000000001
have pouches,0.1424134431872517,0.6366761797107756,0.5977731198072433,0.513265393868277,0.0001000000000000001
have pouches,0.1424134431872517,0.5985206996556371,0.5977731198072433,0,0.0001000000000000001
have pouches,0.13156155147589743,0.5985206996556371,0.5977731198072433,0,0.001899999999999999
have pouches,0.13156155147589743,0.6162844789214432,0.5977731198072433,0,0.0006999999999999997
have pouches,0.13156155147589743,0.6413854956626892,0.5977731198072433,0,0.003799999999999998
have pouches,0.13156155147589743,0.6413854956626892,0.5977731198072433,0.9999997223993582,0.0001000000000000001
have pouches,0.13156155147589743,0.6413854956626892,0.5977731198072433,0.043540102785685424,0.0001000000000000001
have pouches,0.13156155147589743,0.6413854956626892,0.5977731198072433,0.07412548840969552,0.0001000000000000001
have pouches,0.14217385440133512,0.6413854956626892,0.5977731198072433,0,0.002999999999999998
have pouches,0.14217385440133512,0.6413854956626892,0.5977731198072433,0.08412790428696836,0.0004
have pouches,0.14217385440133512,0.6413854956626892,0.5977731198072433,0.000008128348758729445,0.0001000000000000001
have pouches,0.14217385440133512,0.6413854956626892,0.5977731198072433,0.2346197925782011,0.00030000000000000024
have pouches,0.14217385440133512,0.6413854956626892,0.5977731198072433,0.11819507723467289,0.0001000000000000001
have pouches,0.14217385440133512,0.6413854956626892,0.5977731198072433,0.32438395635338213,0.0001000000000000001
have pouches,0.14217385440133512,0.6413854956626892,0.5977731198072433,0.12527621580056594,0.0005999999999999994
have pouches,0.14217385440133512,0.6413854956626892,0.5977731198072433,0.9956816431289669,0.00030000000000000024
have pouches,0.14217385440133512,0.6413854956626892,0.5977731198072433,0.8883737262156236,0.0001000000000000001
have pouches,0.14217385440133512,0.7026132268365473,0.5977731198072433,0.8883737262156236,0.0001000000000000001
have pouches,0.14217385440133512,0.7026132268365473,0.5977731198072433,0,0.0032999999999999987
have pouches,0.14217385440133512,0.7026132268365473,0.5977731198072433,0.6064007812444088,0.00030000000000000024
have pouches,0.14217385440133512,0.7026132268365473,0.5977731198072433,0.9998962314745601,0.00019999999999999985
have pouches,0.14217385440133512,0.6931419461034238,0.5977731198072433,0,0.00019999999999999985
have pouches,0.14217385440133512,0.615078162169084,0.5977731198072433,0,0.0033999999999999994
have pouches,0.14217385440133512,0.6323134424164891,0.5977731198072433,0,0.0008
have pouches,0.14217385440133512,0.6143546926323324,0.5977731198072433,0,0.0016999999999999997
have pouches,0.14217385440133512,0.6308712670579553,0.5977731198072433,0,0.0033999999999999994
have pouches,0.14217385440133512,0.6308712670579553,0.5977731198072433,0.0008212873252312086,0.00019999999999999985
have pouches,0.13230386469513178,0.6308712670579553,0.5977731198072433,0.0008212873252312086,0.00019999999999999985
have pouches,0.13230386469513178,0.6308712670579553,0.5977731198072433,0.9755393660293008,0.00019999999999999985
have pouches,0.13230386469513178,0.6308712670579553,0.5977731198072433,0.995135014951059,0.00030000000000000024
have pouches,0.13230386469513178,0.6308712670579553,0.5977731198072433,0,0.0001000000000000001
have pouches,0.13230386469513178,0.6021996531635523,0.5977731198072433,0,0.0056000000000000025
have pouches,0.13230386469513178,0.6021996531635523,0.5977731198072433,0.567264043710207,0.0001000000000000001
have pouches,0.12359550478868186,0.6021996531635523,0.5977731198072433,0,0.0020000000000000013
have pouches,0.12359550478868186,0.6021996531635523,0.5977731198072433,0.9085122910052208,0.0005999999999999994
have pouches,0.12359550478868186,0.5784352095797658,0.5977731198072433,0,0.0009999999999999996
have pouches,0.12359550478868186,0.5784352095797658,0.5977731198072433,0.9217370816941973,0.00019999999999999985
have pouches,0.12359550478868186,0.5896302589681,0.5977731198072433,0,0.0011999999999999988
have pouches,0.12359550478868186,0.5896302589681,0.5977731198072433,0.03418050356049118,0.0001000000000000001
have pouches,0.12359550478868186,0.6702378145419061,0.5977731198072433,0,0.0020000000000000013
have pouches,0.12359550478868186,0.6702378145419061,0.5977731198072433,0.9999988055532252,0.0004
have pouches,0.12359550478868186,0.6702378145419061,0.5977731198072433,0.7771325858949177,0.00019999999999999985
have pouches,0.12359550478868186,0.6702378145419061,0.5977731198072433,0.902840531558976,0.0001000000000000001
have pouches,0.12359550478868186,0.6702378145419061,0.6748368963599205,0,0.001899999999999999
have pouches,0.12359550478868186,0.5912432791665196,0.6748368963599205,0,0.0004999999999999998
have pouches,0.12359550478868186,0.6679194639436901,0.6748368963599205,0,0.0006999999999999997
have pouches,0.11853376496583223,0.6679194639436901,0.6748368963599205,0,0.0020999999999999986
have pouches,0.12121232599020004,0.6679194639436901,0.6748368963599205,0,0.0028999999999999994
have pouches,0.11501612770371139,0.6679194639436901,0.6748368963599205,0,0.0024
have pouches,0.11501612770371139,0.6873614171054214,0.6748368963599205,0,0.0056000000000000025
have pouches,0.11501612770371139,0.6873614171054214,0.6748368963599205,0.997607751892491,0.00019999999999999985
have pouches,0.11501612770371139,0.648312637815252,0.6748368963599205,0,0.0006999999999999997
have pouches,0.11501612770371139,0.648312637815252,0.6748368963599205,0.9698052472691604,0.0004999999999999998
have pouches,0.11489844345487654,0.648312637815252,0.6748368963599205,0,0.00030000000000000024
have pouches,0.11489844345487654,0.648312637815252,0.6748368963599205,0.007432164295803221,0.0008
have pouches,0.11489844345487654,0.5893024720717221,0.6748368963599205,0.007432164295803221,0.0001000000000000001
have pouches,0.11489844345487654,0.5893024720717221,0.6748368963599205,0,0.004199999999999997
have pouches,0.11489844345487654,0.6360288946889341,0.6748368963599205,0,0.0001000000000000001
have pouches,0.11489844345487654,0.6092083242256194,0.6748368963599205,0,0.0001000000000000001
have pouches,0.11489844345487654,0.6092083242256194,0.6748368963599205,0.9990466474844931,0.0004
have pouches,0.11489844345487654,0.6092083242256194,0.6748368963599205,0.09263346747296318,0.00030000000000000024
have pouches,0.12909375177696347,0.6092083242256194,0.6748368963599205,0.09263346747296318,0.00030000000000000024
have pouches,0.12909375177696347,0.6092083242256194,0.6748368963599205,0.8008264881798934,0.0001000000000000001
have pouches,0.12909375177696347,0.6092083242256194,0.6748368963599205,0.9999829370282358,0.0005999999999999994
have pouches,0.12909375177696347,0.6092083242256194,0.6748368963599205,0.9150081347529492,0.0004999999999999998
have pouches,0.12909375177696347,0.6092083242256194,0.6748368963599205,0.990088333929045,0.0006999999999999997
have pouches,0.12909375177696347,0.6092083242256194,0.6748368963599205,0,0.0012999999999999993
have pouches,0.12909375177696347,0.6092083242256194,0.6748368963599205,0.9458979777660147,0.0004
have pouches,0.12909375177696347,0.6092083242256194,0.6748368963599205,0.7593175885229003,0.00030000000000000024
have pouches,0.12909375177696347,0.6092083242256194,0.6748368963599205,0.35857510598756875,0.00030000000000000024
have pouches,0.12909375177696347,0.6092083242256194,0.6748368963599205,0.6508730094792275,0.0006999999999999997
have pouches,0.12909375177696347,0.6142880008555949,0.6748368963599205,0,0.006299999999999998
have pouches,0.12909375177696347,0.6142880008555949,0.6748368963599205,0.43089710542285975,0.00030000000000000024
have pouches,0.12909375177696347,0.6142880008555949,0.6748368963599205,0.7726028187886249,0.00019999999999999985
have pouches,0.12909375177696347,0.6142880008555949,0.6748368963599205,0.6967123401249141,0.0001000000000000001
have pouches,0.12909375177696347,0.6142880008555949,0.6748368963599205,0.15403627058341815,0.0001000000000000001
have pouches,0.12909375177696347,0.6142880008555949,0.6748368963599205,0.0258026255349442,0.0004999999999999998
have pouches,0.12909375177696347,0.6142880008555949,0.6748368963599205,0.061259427133522344,0.00019999999999999985
have pouches,0.12909375177696347,0.6142880008555949,0.6748368963599205,0.5719360130302001,0.0001000000000000001
have pouches,0.12909375177696347,0.6142880008555949,0.6748368963599205,0.8688623036163139,0.00019999999999999985
have pouches,0.12909375177696347,0.6142880008555949,0.6748368963599205,0.6641719897184859,0.00019999999999999985
have pouches,0.12909375177696347,0.6142880008555949,0.6748368963599205,0.5680492542684439,0.0001000000000000001
have pouches,0.12909375177696347,0.6674051887821406,0.6748368963599205,0,0.0006999999999999997
have pouches,0.1530324025079608,0.6674051887821406,0.6748368963599205,0,0.0008
have pouches,0.12668049219064415,0.6674051887821406,0.6748368963599205,0,0.0016
have pouches,0.12668049219064415,0.6281514854636043,0.6748368963599205,0,0.009700000000000002
have pouches,0.12668049219064415,0.6281514854636043,0.6748368963599205,0.12624171512613988,0.0001000000000000001
have pouches,0.12668049219064415,0.6281514854636043,0.6748368963599205,0.5642378392866368,0.00019999999999999985
have pouches,0.12668049219064415,0.6281514854636043,0.6748368963599205,0.6633350416570291,0.0001000000000000001
have pouches,0.12668049219064415,0.6281514854636043,0.6748368963599205,0.9997110303663758,0.0001000000000000001
have pouches,0.12668049219064415,0.6281514854636043,0.6748368963599205,0.10192528782443257,0.0004
have pouches,0.11815942591056228,0.6281514854636043,0.6748368963599205,0,0.003700000000000001
have pouches,0.12640689546242356,0.6281514854636043,0.6748368963599205,0,0.0005999999999999994
have pouches,0.12640689546242356,0.6940195383504033,0.6748368963599205,0,0.0005999999999999994
have pouches,0.12640689546242356,0.5949345261324197,0.6748368963599205,0,0.0009999999999999996
have pouches,0.12640689546242356,0.6756164741236717,0.6748368963599205,0,0.0023000000000000004
have pouches,0.12640689546242356,0.6756164741236717,0.6748368963599205,0.5232994801189719,0.0009999999999999996
have pouches,0.12640689546242356,0.6756164741236717,0.6748368963599205,0.7256560007157611,0.0004999999999999998
have pouches,0.12640689546242356,0.6756164741236717,0.6748368963599205,0.9997607318132817,0.0001000000000000001
have pouches,0.12640689546242356,0.6756164741236717,0.6748368963599205,0.9391166145227514,0.00019999999999999985
have pouches,0.12640689546242356,0.6756164741236717,0.6748368963599205,0.9996423143343032,0.0004
have pouches,0.12640689546242356,0.6756164741236717,0.6748368963599205,0.9995988303782111,0.0009999999999999996
have pouches,0.13585588824935257,0.6756164741236717,0.6748368963599205,0,0.0016
have pouches,0.13585588824935257,0.6605335674248636,0.6748368963599205,0,0.0004
have pouches,0.13585588824935257,0.6575617904309183,0.6748368963599205,0,0.0009999999999999996
have pouches,0.13585588824935257,0.6575617904309183,0.6748368963599205,0.4766511132389139,0.00019999999999999985
have pouches,0.13585588824935257,0.6575617904309183,0.6748368963599205,0.7558727822469558,0.0001000000000000001
have pouches,0.13585588824935257,0.6575617904309183,0.6748368963599205,0.20871563334976956,0.0008
have pouches,0.13585588824935257,0.6624420711304992,0.6748368963599205,0,0.0008999999999999997
have pouches,0.13585588824935257,0.6478371068369597,0.6748368963599205,0,0.004000000000000003
have pouches,0.13585588824935257,0.6478371068369597,0.6748368963599205,0.9974327316758843,0.00019999999999999985
have pouches,0.12852566945366561,0.6478371068369597,0.6748368963599205,0.9974327316758843,0.0001000000000000001
have pouches,0.12852566945366561,0.6478371068369597,0.6748368963599205,0.5137557608561863,0.00019999999999999985
have pouches,0.12852566945366561,0.6478371068369597,0.6748368963599205,0,0.0005999999999999994
have pouches,0.12852566945366561,0.6533946054987609,0.6748368963599205,0,0.0032999999999999987
have pouches,0.14256023848429322,0.6533946054987609,0.6748368963599205,0,0.0008999999999999997
have pouches,0.14256023848429322,0.5905763322953135,0.6748368963599205,0,0.004399999999999999
have pouches,0.14256023848429322,0.5600172067061067,0.6748368963599205,0,0.0009999999999999996
have pouches,0.14256023848429322,0.6476794967893511,0.6748368963599205,0,0.004399999999999999
have pouches,0.14256023848429322,0.6476794967893511,0.6748368963599205,0.9670375829846865,0.0005999999999999994
have pouches,0.14256023848429322,0.6476794967893511,0.6748368963599205,0.9998763740137622,0.0001000000000000001
have pouches,0.14256023848429322,0.6476794967893511,0.6748368963599205,0.5650566548246675,0.0006999999999999997
have pouches,0.14256023848429322,0.6476794967893511,0.6748368963599205,0.9786066468784254,0.00019999999999999985
have pouches,0.14256023848429322,0.6476794967893511,0.6748368963599205,0.8909409937778342,0.00019999999999999985
have pouches,0.14256023848429322,0.6476794967893511,0.6748368963599205,0.9851705974177011,0.0001000000000000001
have pouches,0.14256023848429322,0.6476794967893511,0.6748368963599205,0.008820695496551442,0.0004
have pouches,0.14256023848429322,0.6465200099628419,0.6748368963599205,0.008820695496551442,0.00019999999999999985
have pouches,0.14256023848429322,0.6465200099628419,0.6748368963599205,0,0.0005999999999999994
have pouches,0.14256023848429322,0.6465200099628419,0.6748368963599205,0.9864394774521825,0.00019999999999999985
have pouches,0.14256023848429322,0.5971318494994193,0.6748368963599205,0.9864394774521825,0.0021999999999999997
have pouches,0.14256023848429322,0.5971318494994193,0.6748368963599205,0,0.0005999999999999994
have pouches,0.1531530967913568,0.5971318494994193,0.6748368963599205,0,0.00030000000000000024
have pouches,0.1531530967913568,0.6767201598268002,0.6748368963599205,0,0.004100000000000001
have pouches,0.13786414195783436,0.6767201598268002,0.6748368963599205,0,0.004399999999999999
have pouches,0.13786414195783436,0.6767201598268002,0.6748368963599205,0.05497568907210795,0.0001000000000000001
have pouches,0.13786414195783436,0.6767201598268002,0.6748368963599205,0.005307768161692549,0.0001000000000000001
have pouches,0.13786414195783436,0.6767201598268002,0.6748368963599205,0.999998391428204,0.0001000000000000001
have pouches,0.13786414195783436,0.6767201598268002,0.6748368963599205,0.9979701342202509,0.00030000000000000024
have pouches,0.13786414195783436,0.6767201598268002,0.6748368963599205,0.9996755858466286,0.0001000000000000001
have pouches,0.13786414195783436,0.6767201598268002,0.6748368963599205,0.9993336590359929,0.00019999999999999985
have pouches,0.13786414195783436,0.6767201598268002,0.6748368963599205,0.24021510937863394,0.0005999999999999994
have pouches,0.13786414195783436,0.6767201598268002,0.6748368963599205,0.9352759831620273,0.00019999999999999985
have pouches,0.13786414195783436,0.6767201598268002,0.6748368963599205,0.0959842849215807,0.00030000000000000024
have pouches,0.13786414195783436,0.6635957050602883,0.6748368963599205,0,0.0049000000000000024
have pouches,0.12492140708491206,0.6635957050602883,0.6748368963599205,0,0.006799999999999999
have pouches,0.12492140708491206,0.6635957050602883,0.6748368963599205,0.0166160345164812,0.0001000000000000001
have pouches,0.12492140708491206,0.6635957050602883,0.6748368963599205,0.0003373325435385486,0.0001000000000000001
have pouches,0.12492140708491206,0.6635957050602883,0.6748368963599205,0.9859507703856666,0.00019999999999999985
have pouches,0.12492140708491206,0.6635957050602883,0.6748368963599205,0.9881181195440578,0.0001000000000000001
have pouches,0.12492140708491206,0.6635957050602883,0.6748368963599205,0.01580643336144732,0.0008999999999999997
have pouches,0.12492140708491206,0.6635957050602883,0.6748368963599205,0.6622098694362603,0.0001000000000000001
have pouches,0.12492140708491206,0.6635957050602883,0.6748368963599205,0.9999517929946428,0.00019999999999999985
have pouches,0.12492140708491206,0.6635957050602883,0.6748368963599205,0.7279450057668055,0.00019999999999999985
have pouches,0.12492140708491206,0.6635957050602883,0.6748368963599205,0.9940457649997887,0.00019999999999999985
have pouches,0.12492140708491206,0.6635957050602883,0.6748368963599205,0.6973049439810433,0.0001000000000000001
have pouches,0.12492140708491206,0.6635957050602883,0.6748368963599205,0.9861008152141465,0.0001000000000000001
have pouches,0.12492140708491206,0.6635957050602883,0.6748368963599205,0.9523340647332166,0.0001000000000000001
have pouches,0.12492140708491206,0.6635957050602883,0.6748368963599205,0.9830928523149812,0.0001000000000000001
have pouches,0.12492140708491206,0.6635957050602883,0.6748368963599205,0.8624730441428056,0.00019999999999999985
have pouches,0.12492140708491206,0.6635957050602883,0.6748368963599205,0.9999999892985046,0.00019999999999999985
have pouches,0.12492140708491206,0.6635957050602883,0.6748368963599205,0.9998456787282357,0.0001000000000000001
have pouches,0.12492140708491206,0.6635957050602883,0.6748368963599205,0.9999999994765119,0.0001000000000000001
have pouches,0.12492140708491206,0.6635957050602883,0.6748368963599205,0.07065716838485456,0.0006999999999999997
have pouches,0.12492140708491206,0.6635957050602883,0.6748368963599205,0.9232139166181705,0.00019999999999999985
have pouches,0.1226343943271786,0.6635957050602883,0.6748368963599205,0,0.0001000000000000001
have pouches,0.1226343943271786,0.6607976008672267,0.6748368963599205,0,0.005400000000000001
have pouches,0.1226343943271786,0.6607976008672267,0.6748368963599205,0.9781079352865782,0.0001000000000000001
have pouches,0.1226343943271786,0.6393380213994533,0.6748368963599205,0,0.0016999999999999997
have pouches,0.1226343943271786,0.6393380213994533,0.6748368963599205,0.394951931266355,0.00019999999999999985
have pouches,0.1226343943271786,0.627364291343838,0.6748368963599205,0,0.0045000000000000005
have pouches,0.1226343943271786,0.627364291343838,0.6748368963599205,0.9999984476535345,0.00030000000000000024
have pouches,0.1226343943271786,0.627364291343838,0.6748368963599205,0.014523608588068077,0.0004
have pouches,0.1226343943271786,0.627364291343838,0.6748368963599205,0.49030810448135365,0.0001000000000000001
have pouches,0.1226343943271786,0.627364291343838,0.6748368963599205,0.9994708272189481,0.0001000000000000001
have pouches,0.1226343943271786,0.627364291343838,0.6748368963599205,0.997099855225352,0.0001000000000000001
have pouches,0.1226343943271786,0.627364291343838,0.6748368963599205,0.9959730965602636,0.00019999999999999985
have pouches,0.11528572649694979,0.627364291343838,0.6748368963599205,0,0.003900000000000001
have pouches,0.11528572649694979,0.627364291343838,0.6748368963599205,0.18899217299835655,0.0004
have pouches,0.11528572649694979,0.627364291343838,0.6748368963599205,0.9887583397913089,0.0005999999999999994
have pouches,0.11528572649694979,0.627364291343838,0.6748368963599205,0.8249800362455655,0.00019999999999999985
have pouches,0.11528572649694979,0.6120568320620805,0.6748368963599205,0,0.004399999999999999
have pouches,0.11528572649694979,0.6092960862442851,0.6748368963599205,0,0.0020000000000000013
have pouches,0.1459071603603661,0.6092960862442851,0.6748368963599205,0,0.0017999999999999993
have pouches,0.13836698280647397,0.6092960862442851,0.6748368963599205,0,0.0048
have pouches,0.13836698280647397,0.6092960862442851,0.6748368963599205,0.011403689665037296,0.00019999999999999985
